DATETIME,price
2020-12-15 23:00:00,867.9999999999998
2020-12-16 23:00:00,876.6999999999998
2020-12-17 23:00:00,875.9999999999998
2020-12-18 23:00:00,868.6999999999998
2020-12-21 23:00:00,850.5999999999998
2020-12-22 23:00:00,862.7999999999997
2020-12-23 23:00:00,866.7999999999997
2020-12-28 23:00:00,878.2999999999997
2020-12-29 23:00:00,892.3999999999997
2020-12-30 23:00:00,890.7999999999997
2021-01-04 23:00:00,890.7999999999997
2021-01-05 23:00:00,881.3999999999997
2021-01-06 23:00:00,886.4999999999998
2021-01-07 23:00:00,888.8999999999997
2021-01-08 23:00:00,893.0999999999998
2021-01-11 23:00:00,888.2999999999997
2021-01-12 23:00:00,879.4999999999998
2021-01-13 23:00:00,879.4999999999998
2021-01-14 23:00:00,883.9999999999998
2021-01-15 23:00:00,872.6999999999998
2021-01-18 23:00:00,879.2999999999997
2021-01-19 23:00:00,871.2999999999997
2021-01-20 23:00:00,878.6999999999998
2021-01-21 23:00:00,883.4999999999998
2021-01-22 23:00:00,878.3999999999997
2021-01-25 23:00:00,878.3999999999997
2021-01-26 23:00:00,883.9999999999998
2021-01-27 23:00:00,878.4999999999998
2021-01-28 23:00:00,876.6999999999998
2021-01-29 23:00:00,857.6999999999998
2021-02-01 23:00:00,866.2999999999997
2021-02-02 23:00:00,880.4999999999998
2021-02-03 23:00:00,880.5999999999998
2021-02-04 23:00:00,874.6999999999998
2021-02-05 23:00:00,877.2999999999997
2021-02-08 23:00:00,880.5999999999998
2021-02-09 23:00:00,889.0999999999998
2021-02-10 23:00:00,878.4999999999998
2021-02-11 23:00:00,883.4999999999998
2021-02-12 23:00:00,887.0999999999998
2021-02-15 23:00:00,900.5999999999998
2021-02-16 23:00:00,897.4999999999998
2021-02-17 23:00:00,889.6999999999998
2021-02-18 23:00:00,885.2999999999997
2021-02-19 23:00:00,890.1999999999998
2021-02-22 23:00:00,879.2999999999997
2021-02-23 23:00:00,881.7999999999997
2021-02-24 23:00:00,875.6999999999998
2021-02-25 23:00:00,872.7999999999997
2021-02-26 23:00:00,855.8999999999997
2021-03-01 23:00:00,874.8999999999997
2021-03-02 23:00:00,879.1999999999998
2021-03-03 23:00:00,882.3999999999997
2021-03-04 23:00:00,880.8999999999997
2021-03-05 23:00:00,873.6999999999998
2021-03-08 23:00:00,885.2999999999997
2021-03-09 23:00:00,893.7999999999997
2021-03-10 23:00:00,905.5999999999998
2021-03-15 23:00:00,913.1999999999998
2021-03-16 23:00:00,923.1999999999998
2021-03-17 23:00:00,925.7999999999998
2021-03-18 23:00:00,928.3999999999999
2021-03-19 23:00:00,919.8999999999999
2021-03-22 23:00:00,921.7999999999998
2021-03-23 23:00:00,930.1999999999998
2021-03-24 23:00:00,919.8999999999999
2021-03-25 23:00:00,917.6999999999998
2021-03-26 23:00:00,920.4999999999999
2021-03-29 23:00:00,928.5999999999998
2021-03-30 23:00:00,932.8999999999999
2021-03-31 23:00:00,929.8999999999999
2021-04-01 23:00:00,931.6999999999998
2021-04-06 23:00:00,944.7999999999998
2021-04-07 23:00:00,940.9999999999999
2021-04-08 23:00:00,956.2999999999998
2021-04-09 23:00:00,955.7999999999998
2021-04-12 23:00:00,954.2999999999998
2021-04-13 23:00:00,957.7999999999998
2021-04-14 23:00:00,961.3999999999999
2021-04-15 23:00:00,969.6999999999998
2021-04-16 23:00:00,976.2999999999998
2021-04-19 23:00:00,978.8999999999999
2021-04-20 23:00:00,958.4999999999999
2021-04-21 23:00:00,969.4999999999999
2021-04-22 23:00:00,973.3999999999999
2021-04-23 23:00:00,966.2999999999998
2021-04-26 23:00:00,962.9999999999999
2021-04-27 23:00:00,962.4999999999999
2021-04-28 23:00:00,957.6999999999998
2021-04-29 23:00:00,962.9999999999999
2021-04-30 23:00:00,960.9999999999999
2021-05-03 23:00:00,969.7999999999998
2021-05-04 23:00:00,956.0999999999998
2021-05-05 23:00:00,974.0999999999998
2021-05-06 23:00:00,974.2999999999998
2021-05-07 23:00:00,986.7999999999998
2021-05-10 23:00:00,991.0999999999998
2021-05-11 23:00:00,971.9999999999999
2021-05-12 23:00:00,977.2999999999998
2021-05-13 23:00:00,979.3999999999999
2021-05-14 23:00:00,990.0999999999998
2021-05-17 23:00:00,991.7999999999998
2021-05-18 23:00:00,992.2999999999998
2021-05-19 23:00:00,981.8999999999999
2021-05-20 23:00:00,996.7999999999998
2021-05-21 23:00:00,1005.2999999999998
2021-05-25 23:00:00,1010.9999999999999
2021-05-26 23:00:00,1015.5999999999998
2021-05-27 23:00:00,1013.5999999999998
2021-05-28 23:00:00,1022.6999999999998
2021-06-01 23:00:00,1023.7999999999997
2021-06-02 23:00:00,1028.7999999999997
2021-06-03 23:00:00,1028.6
2021-06-04 23:00:00,1028.3999999999996
2021-06-07 23:00:00,1035.2999999999997
2021-06-08 23:00:00,1037.1999999999998
2021-06-09 23:00:00,1036.0
2021-06-10 23:00:00,1033.6
2021-06-11 23:00:00,1039.7999999999997
2021-06-14 23:00:00,1042.6999999999998
2021-06-15 23:00:00,1048.6
2021-06-16 23:00:00,1052.1
2021-06-17 23:00:00,1055.1
2021-06-18 23:00:00,1037.2999999999997
2021-06-21 23:00:00,1043.0
2021-06-22 23:00:00,1045.6
2021-06-23 23:00:00,1032.6
2021-06-24 23:00:00,1037.7999999999997
2021-06-25 23:00:00,1038.6999999999998
2021-06-28 23:00:00,1036.1999999999998
2021-06-29 23:00:00,1042.2999999999997
2021-06-30 23:00:00,1031.2999999999997
2021-07-01 23:00:00,1033.1999999999998
2021-07-02 23:00:00,1034.1999999999998
2021-07-05 23:00:00,1037.0
2021-07-06 23:00:00,1030.7999999999997
2021-07-07 23:00:00,1046.0
2021-07-08 23:00:00,1019.1999999999999
2021-07-09 23:00:00,1036.1
2021-07-12 23:00:00,1045.6999999999998
2021-07-13 23:00:00,1047.6999999999998
2021-07-14 23:00:00,1051.5
2021-07-15 23:00:00,1039.9
2021-07-16 23:00:00,1036.4
2021-07-19 23:00:00,1016.9999999999999
2021-07-20 23:00:00,1016.9
2021-07-21 23:00:00,1030.5
2021-07-22 23:00:00,1026.4
2021-07-23 23:00:00,1046.1999999999998
2021-07-26 23:00:00,1037.5
2021-07-27 23:00:00,1028.5
2021-07-28 23:00:00,1034.0
2021-07-29 23:00:00,1036.4
2021-07-30 23:00:00,1031.1
2021-08-02 23:00:00,1042.5
2021-08-03 23:00:00,1050.4
2021-08-04 23:00:00,1051.2999999999997
2021-08-05 23:00:00,1050.4
2021-08-06 23:00:00,1051.0
2021-08-09 23:00:00,1052.5
2021-08-10 23:00:00,1053.5
2021-08-11 23:00:00,1056.7999999999997
2021-08-12 23:00:00,1058.1999999999998
2021-08-13 23:00:00,1060.7999999999997
2021-08-16 23:00:00,1045.1
2021-08-17 23:00:00,1044.7999999999997
2021-08-18 23:00:00,1024.6
2021-08-19 23:00:00,995.1999999999999
2021-08-20 23:00:00,1000.6999999999999
2021-08-23 23:00:00,1013.2999999999998
2021-08-24 23:00:00,1003.5999999999998
2021-08-25 23:00:00,1002.4
2021-08-26 23:00:00,1000.4999999999999
2021-08-27 23:00:00,1000.7999999999998
2021-08-30 23:00:00,1002.1999999999999
2021-08-31 23:00:00,999.2999999999998
2021-09-01 23:00:00,1011.4999999999999
2021-09-02 23:00:00,1011.0999999999998
2021-09-03 23:00:00,1003.0999999999998
2021-09-06 23:00:00,1014.2999999999998
2021-09-07 23:00:00,1016.4999999999999
2021-09-08 23:00:00,1010.9
2021-09-09 23:00:00,1012.9999999999999
2021-09-10 23:00:00,1015.1999999999999
2021-09-14 23:00:00,1008.6999999999999
2021-09-15 23:00:00,992.5999999999999
2021-09-16 23:00:00,990.4
2021-09-17 23:00:00,986.5999999999999
2021-09-20 23:00:00,977.3
2021-09-21 23:00:00,988.0999999999999
2021-09-22 23:00:00,996.6999999999999
2021-09-23 23:00:00,1006.4
2021-09-24 23:00:00,994.0999999999999
2021-09-27 23:00:00,986.4999999999999
2021-09-28 23:00:00,965.4999999999999
2021-09-29 23:00:00,972.6999999999999
2021-09-30 23:00:00,969.9999999999999
2021-10-01 23:00:00,964.8
2021-10-04 23:00:00,962.1999999999999
2021-10-05 23:00:00,966.0999999999999
2021-10-06 23:00:00,952.0999999999999
2021-10-07 23:00:00,966.4999999999999
2021-10-08 23:00:00,959.6999999999999
2021-10-11 23:00:00,960.0999999999999
2021-10-12 23:00:00,960.4
2021-10-13 23:00:00,979.4
2021-10-14 23:00:00,993.5999999999999
2021-10-15 23:00:00,996.4999999999999
2021-10-18 23:00:00,984.4
2021-10-19 23:00:00,982.1999999999999
2021-10-20 23:00:00,990.3
2021-10-21 23:00:00,997.6999999999999
2021-10-22 23:00:00,1011.4
2021-10-25 23:00:00,1005.7999999999998
2021-10-26 23:00:00,1018.1999999999999
2021-10-27 23:00:00,1013.7999999999998
2021-10-28 23:00:00,1017.9
2021-10-29 23:00:00,1021.4999999999999
2021-11-01 23:00:00,1028.1999999999998
2021-11-02 23:00:00,1028.4
2021-11-03 23:00:00,1033.6
2021-11-04 23:00:00,1041.1
2021-11-05 23:00:00,1050.0
2021-11-08 23:00:00,1049.1999999999998
2021-11-09 23:00:00,1047.6999999999998
2021-11-10 23:00:00,1045.2999999999997
2021-11-11 23:00:00,1049.4
2021-11-12 23:00:00,1069.6
2021-11-15 08:00:00,1070.5
2021-11-15 09:00:00,1071.0
2021-11-15 10:00:00,1070.1
2021-11-15 11:00:00,1069.0
2021-11-15 13:00:00,1073.9
2021-11-15 14:00:00,1074.5
2021-11-15 15:00:00,1075.6
2021-11-15 16:00:00,1074.6
2021-11-16 08:00:00,1080.1
2021-11-16 09:00:00,1080.4
2021-11-16 15:00:00,1083.4
2021-11-17 09:00:00,1083.2999999999997
2021-11-17 14:00:00,1082.1
2021-11-17 16:00:00,1081.6999999999998
2021-11-18 12:00:00,1085.9
2021-11-18 13:00:00,1086.2999999999997
2021-11-18 15:00:00,1083.6
2021-11-18 16:00:00,1080.6
2021-11-19 09:00:00,1086.2999999999997
2021-11-19 10:00:00,1085.9
2021-11-19 12:00:00,1082.1
2021-11-19 13:00:00,1083.7999999999997
2021-11-19 15:00:00,1084.1999999999998
2021-11-19 16:00:00,1086.6999999999998
2021-11-22 09:00:00,1088.7999999999997
2021-11-22 15:00:00,1088.6999999999998
2021-11-22 16:00:00,1083.6
2021-11-23 08:00:00,1069.2999999999997
2021-11-23 09:00:00,1073.0
2021-11-23 10:00:00,1080.1
2021-11-23 11:00:00,1078.0
2021-11-23 15:00:00,1076.6999999999998
2021-11-24 08:00:00,1077.6
2021-11-24 09:00:00,1077.1999999999998
2021-11-24 12:00:00,1072.9
2021-11-24 13:00:00,1072.5
2021-11-24 14:00:00,1067.1
2021-11-24 15:00:00,1077.0
2021-11-24 16:00:00,1076.7999999999997
2021-11-25 08:00:00,1082.4
2021-11-25 09:00:00,1081.4
2021-11-25 16:00:00,1085.5
2021-11-26 08:00:00,1056.9
2021-11-26 09:00:00,1054.0
2021-11-26 10:00:00,1056.9
2021-11-26 11:00:00,1055.7999999999997
2021-11-26 12:00:00,1056.6
2021-11-26 15:00:00,1049.1999999999998
2021-11-26 16:00:00,1043.7999999999997
2021-11-29 08:00:00,1051.6999999999998
2021-11-29 09:00:00,1055.5
2021-11-29 10:00:00,1056.6999999999998
2021-11-29 13:00:00,1056.9
2021-11-29 14:00:00,1056.6
2021-11-29 15:00:00,1053.5
2021-11-29 16:00:00,1053.6999999999998
2021-11-29 23:00:00,1052.6999999999998
2021-11-30 13:00:00,1042.6999999999998
2021-11-30 15:00:00,1045.5
2021-11-30 16:00:00,1042.5
2021-12-01 08:00:00,1036.4
2021-12-01 09:00:00,1044.1
2021-12-01 10:00:00,1044.7999999999997
2021-12-01 11:00:00,1047.4
2021-12-01 12:00:00,1049.0
2021-12-01 13:00:00,1047.1
2021-12-01 15:00:00,1051.1
2021-12-01 16:00:00,1056.6
2021-12-02 08:00:00,1045.6999999999998
2021-12-02 09:00:00,1049.6999999999998
2021-12-02 10:00:00,1048.0
2021-12-02 11:00:00,1043.9
2021-12-02 12:00:00,1041.0
2021-12-02 13:00:00,1043.0
2021-12-02 14:00:00,1044.1999999999998
2021-12-02 15:00:00,1042.5
2021-12-02 16:00:00,1041.6999999999998
2021-12-03 10:00:00,1043.1999999999998
2021-12-03 11:00:00,1044.1
2021-12-03 13:00:00,1049.0
2021-12-03 16:00:00,1038.0
2021-12-06 08:00:00,1043.0
2021-12-06 09:00:00,1045.1999999999998
2021-12-06 11:00:00,1044.5
2021-12-06 16:00:00,1054.2999999999997
2021-12-07 09:00:00,1076.2999999999997
2021-12-07 10:00:00,1079.1
2021-12-07 11:00:00,1079.1
2021-12-07 15:00:00,1081.1999999999998
2021-12-07 16:00:00,1084.5
2021-12-08 09:00:00,1083.6999999999998
2021-12-08 10:00:00,1082.9
2021-12-08 11:00:00,1083.0
2021-12-08 15:00:00,1076.4
2021-12-09 15:00:00,1074.4
2021-12-09 16:00:00,1074.2999999999997
2021-12-10 11:00:00,1077.6999999999998
2021-12-10 12:00:00,1076.1
2021-12-10 13:00:00,1074.1
2021-12-10 16:00:00,1075.2999999999997
2021-12-10 17:00:00,1075.2999999999997
2021-12-10 18:00:00,1075.2999999999997
2021-12-10 19:00:00,1075.2999999999997
2021-12-10 20:00:00,1075.2999999999997
2021-12-10 21:00:00,1075.2999999999997
2021-12-13 08:00:00,1075.6999999999998
2021-12-13 09:00:00,1079.9
2021-12-13 10:00:00,1079.9
2021-12-13 11:00:00,1078.1999999999998
2021-12-13 12:00:00,1078.1999999999998
2021-12-13 13:00:00,1078.1999999999998
2021-12-13 14:00:00,1078.1
2021-12-13 15:00:00,1078.1
2021-12-13 16:00:00,1069.6
2021-12-13 17:00:00,1069.6
2021-12-13 18:00:00,1069.6
2021-12-13 19:00:00,1069.6
2021-12-13 20:00:00,1069.6
2021-12-13 21:00:00,1069.6
2021-12-14 08:00:00,1075.7999999999997
2021-12-14 09:00:00,1075.7999999999997
2021-12-14 10:00:00,1075.7999999999997
2021-12-14 11:00:00,1075.7999999999997
2021-12-14 12:00:00,1075.7999999999997
2021-12-14 13:00:00,1075.7999999999997
2021-12-14 14:00:00,1064.1
2021-12-14 15:00:00,1064.1
2021-12-14 16:00:00,1061.9
2021-12-14 16:00:01,1061.9
2021-12-14 17:00:00,1061.9
2021-12-14 18:00:00,1061.9
2021-12-14 19:00:00,1061.9
2021-12-14 20:00:00,1061.9
2021-12-14 21:00:00,1061.9
2021-12-14 23:00:00,1055.6999999999998
2021-12-15 23:00:00,
2021-12-16 08:00:00,1066.4
2021-12-16 09:00:00,1066.4
2021-12-16 10:00:00,1066.4
2021-12-16 11:00:00,1066.4
2021-12-16 12:00:00,1066.4
2021-12-16 13:00:00,1063.6
2021-12-16 14:00:00,1063.6
2021-12-16 15:00:00,1063.6
2021-12-16 16:00:00,1063.5
2021-12-16 17:00:00,1063.5
2021-12-16 18:00:00,1063.5
2021-12-16 19:00:00,1063.5
2021-12-16 20:00:00,1063.5
2021-12-16 21:00:00,1063.5
2021-12-16 23:00:00,
2021-12-17 08:00:00,1064.5
2021-12-17 09:00:00,1064.5
2021-12-17 10:00:00,1064.5
2021-12-17 11:00:00,1057.6999999999998
2021-12-17 12:00:00,1057.6999999999998
2021-12-17 13:00:00,1057.6999999999998
2021-12-17 14:00:00,1049.1
2021-12-17 15:00:00,1049.5
2021-12-17 16:00:00,1046.9
2021-12-17 17:00:00,1046.9
2021-12-17 18:00:00,1046.9
2021-12-17 19:00:00,1046.9
2021-12-17 20:00:00,1046.9
2021-12-17 21:00:00,1046.9
2021-12-17 23:00:00,
2021-12-20 08:00:00,1033.6
2021-12-20 09:00:00,1033.6
2021-12-20 10:00:00,1033.6
2021-12-20 11:00:00,1033.6
2021-12-20 12:00:00,1033.6
2021-12-20 13:00:00,1033.6
2021-12-20 14:00:00,1033.6
2021-12-20 15:00:00,1043.0
2021-12-20 16:00:00,1042.6999999999998
2021-12-20 17:00:00,1042.6999999999998
2021-12-20 18:00:00,1042.6999999999998
2021-12-20 19:00:00,1042.6999999999998
2021-12-20 20:00:00,1042.6999999999998
2021-12-20 21:00:00,1042.6999999999998
2021-12-20 23:00:00,
2021-12-21 08:00:00,1052.8000000000002
2021-12-21 09:00:00,1052.8000000000002
2021-12-21 10:00:00,1047.9
2021-12-21 11:00:00,1047.9
2021-12-21 12:00:00,1047.9
2021-12-21 13:00:00,1050.5
2021-12-21 14:00:00,1050.5
2021-12-21 15:00:00,1050.5
2021-12-21 16:00:00,1050.6
2021-12-21 17:00:00,1050.6
2021-12-21 18:00:00,1050.6
2021-12-21 19:00:00,1050.6
2021-12-21 20:00:00,1050.6
2021-12-21 21:00:00,1050.6
2021-12-21 23:00:00,
2021-12-22 08:00:00,1052.1
2021-12-22 09:00:00,1052.1
2021-12-22 10:00:00,1052.1
2021-12-22 11:00:00,1052.1
2021-12-22 12:00:00,1052.1
2021-12-22 13:00:00,1052.1
2021-12-22 14:00:00,1054.4
2021-12-22 15:00:00,1055.3000000000002
2021-12-22 16:00:00,1061.9
2021-12-22 17:00:00,1061.9
2021-12-22 18:00:00,1061.9
2021-12-22 19:00:00,1061.9
2021-12-22 20:00:00,1061.9
2021-12-22 21:00:00,1061.9
2021-12-22 23:00:00,
2021-12-23 08:00:00,1059.0
2021-12-23 09:00:00,1061.6
2021-12-23 10:00:00,1061.6
2021-12-23 11:00:00,1061.6
2021-12-23 12:00:00,1063.9
2021-12-23 13:00:00,1063.9
2021-12-23 14:00:00,1063.9
2021-12-23 15:00:00,1063.9
2021-12-23 16:00:00,1071.5
2021-12-23 17:00:00,1071.5
2021-12-23 18:00:00,1071.5
2021-12-23 19:00:00,1071.5
2021-12-23 20:00:00,1071.5
2021-12-23 21:00:00,1071.5
2021-12-23 23:00:00,1071.1999999999998
2021-12-27 15:00:00,1073.6
2021-12-27 16:00:00,1073.6
2021-12-27 17:00:00,1073.6
2021-12-27 18:00:00,1073.6
2021-12-27 19:00:00,1073.6
2021-12-27 20:00:00,1073.6
2021-12-27 21:00:00,1073.6
2021-12-27 23:00:00,1075.1
2021-12-28 23:00:00,
2021-12-29 08:00:00,1083.1
2021-12-29 09:00:00,1084.6999999999998
2021-12-29 10:00:00,1084.6999999999998
2021-12-29 11:00:00,1084.6999999999998
2021-12-29 12:00:00,1085.6999999999998
2021-12-29 13:00:00,1085.6999999999998
2021-12-29 14:00:00,1085.6999999999998
2021-12-29 15:00:00,1085.6999999999998
2021-12-29 16:00:00,1083.0
2021-12-29 17:00:00,1083.0
2021-12-29 18:00:00,1083.0
2021-12-29 19:00:00,1083.0
2021-12-29 20:00:00,1083.0
2021-12-29 21:00:00,1083.0
2021-12-29 23:00:00,
2021-12-30 08:00:00,1084.8000000000002
2021-12-30 09:00:00,1086.6999999999998
2021-12-30 10:00:00,1086.6999999999998
2021-12-30 11:00:00,1086.6999999999998
2021-12-30 12:00:00,1086.6999999999998
2021-12-30 13:00:00,1086.6999999999998
2021-12-30 14:00:00,1086.6999999999998
2021-12-30 15:00:00,1086.6999999999998
2021-12-30 16:00:00,1084.6999999999998
2021-12-30 17:00:00,1084.6999999999998
2021-12-30 18:00:00,1084.6999999999998
2021-12-30 19:00:00,1084.6999999999998
2021-12-30 20:00:00,1084.6999999999998
2021-12-30 21:00:00,1084.6999999999998
2021-12-30 23:00:00,1081.9
2022-01-03 13:00:00,1091.6999999999998
2022-01-03 14:00:00,1091.6999999999998
2022-01-03 15:00:00,1091.6999999999998
2022-01-03 16:00:00,1089.8000000000002
2022-01-03 17:00:00,1089.8000000000002
2022-01-03 18:00:00,1089.8000000000002
2022-01-03 19:00:00,1089.8000000000002
2022-01-03 20:00:00,1089.8000000000002
2022-01-03 21:00:00,1089.8000000000002
2022-01-03 23:00:00,
2022-01-04 08:00:00,1094.6999999999998
2022-01-04 09:00:00,1095.3000000000002
2022-01-04 10:00:00,1099.5
2022-01-04 11:00:00,1099.5
2022-01-04 12:00:00,1099.5
2022-01-04 13:00:00,1099.5
2022-01-04 14:00:00,1099.5
2022-01-04 15:00:00,1100.5
2022-01-04 16:00:00,1100.3000000000002
2022-01-04 17:00:00,1100.3000000000002
2022-01-04 18:00:00,1100.3000000000002
2022-01-04 19:00:00,1100.3000000000002
2022-01-04 20:00:00,1100.3000000000002
2022-01-04 21:00:00,1100.3000000000002
2022-01-04 23:00:00,
2022-01-05 08:00:00,1101.4
2022-01-05 09:00:00,1101.4
2022-01-05 10:00:00,1105.5
2022-01-05 11:00:00,1105.5
2022-01-05 12:00:00,1105.5
2022-01-05 13:00:00,1105.5
2022-01-05 14:00:00,1102.9
2022-01-05 15:00:00,1102.9
2022-01-05 16:00:00,1102.9
2022-01-05 17:00:00,1102.9
2022-01-05 18:00:00,1102.9
2022-01-05 19:00:00,1102.9
2022-01-05 20:00:00,1102.9
2022-01-05 21:00:00,1102.9
2022-01-05 23:00:00,
2022-01-06 10:00:00,1087.0
2022-01-06 11:00:00,1087.0
2022-01-06 12:00:00,1087.0
2022-01-06 13:00:00,1082.1999999999998
2022-01-06 14:00:00,1080.6999999999998
2022-01-06 15:00:00,1081.5
2022-01-06 16:00:00,1079.0
2022-01-06 17:00:00,1079.0
2022-01-06 18:00:00,1079.0
2022-01-06 19:00:00,1079.0
2022-01-06 20:00:00,1079.0
2022-01-06 21:00:00,1079.0
2022-01-06 23:00:00,
2022-01-07 08:00:00,1072.6
2022-01-07 09:00:00,1076.8000000000002
2022-01-07 10:00:00,1080.5
2022-01-07 11:00:00,1076.9
2022-01-07 12:00:00,1075.3000000000002
2022-01-07 13:00:00,1075.0
2022-01-07 14:00:00,1075.0
2022-01-07 15:00:00,1067.1
2022-01-07 16:00:00,1069.6
2022-01-07 17:00:00,1069.6
2022-01-07 18:00:00,1069.6
2022-01-07 19:00:00,1069.6
2022-01-07 20:00:00,1069.6
2022-01-07 21:00:00,1069.6
2022-01-07 23:00:00,
2022-01-10 08:00:00,1064.1
2022-01-10 09:00:00,1069.0
2022-01-10 10:00:00,1069.0
2022-01-10 11:00:00,1069.0
2022-01-10 12:00:00,1057.6999999999998
2022-01-10 13:00:00,1057.6999999999998
2022-01-10 14:00:00,1057.8000000000002
2022-01-10 15:00:00,1054.1
2022-01-10 16:00:00,1051.3000000000002
2022-01-10 17:00:00,1051.3000000000002
2022-01-10 18:00:00,1051.3000000000002
2022-01-10 19:00:00,1051.3000000000002
2022-01-10 20:00:00,1051.3000000000002
2022-01-10 21:00:00,1051.3000000000002
2022-01-10 23:00:00,
2022-01-11 08:00:00,1064.1
2022-01-11 09:00:00,1064.1
2022-01-11 10:00:00,1064.1
2022-01-11 11:00:00,1064.1
2022-01-11 12:00:00,1062.1999999999998
2022-01-11 13:00:00,1062.1999999999998
2022-01-11 14:00:00,1058.0
2022-01-11 15:00:00,1058.0
2022-01-11 16:00:00,1061.1999999999998
2022-01-11 17:00:00,1061.1999999999998
2022-01-11 18:00:00,1061.1999999999998
2022-01-11 19:00:00,1061.1999999999998
2022-01-11 20:00:00,1061.1999999999998
2022-01-11 21:00:00,1061.1999999999998
2022-01-11 23:00:00,
2022-01-12 13:00:00,1057.8000000000002
2022-01-12 14:00:00,1057.8000000000002
2022-01-12 15:00:00,1061.0
2022-01-12 16:00:00,1061.0
2022-01-12 17:00:00,1061.0
2022-01-12 18:00:00,1061.0
2022-01-12 19:00:00,1061.0
2022-01-12 20:00:00,1061.0
2022-01-12 21:00:00,1061.0
2022-01-12 23:00:00,
2022-01-13 08:00:00,1054.5
2022-01-13 09:00:00,1054.5
2022-01-13 10:00:00,1053.8000000000002
2022-01-13 11:00:00,1046.9
2022-01-13 12:00:00,1046.9
2022-01-13 13:00:00,1046.9
2022-01-13 14:00:00,1046.9
2022-01-13 15:00:00,1044.9
2022-01-13 16:00:00,1046.1
2022-01-13 17:00:00,1046.1
2022-01-13 18:00:00,1046.1
2022-01-13 19:00:00,1046.1
2022-01-13 20:00:00,1046.1
2022-01-13 21:00:00,1046.1
2022-01-13 23:00:00,
2022-01-14 08:00:00,1036.0
2022-01-14 09:00:00,1037.9
2022-01-14 10:00:00,1037.9
2022-01-14 11:00:00,1034.1999999999998
2022-01-14 12:00:00,1034.1999999999998
2022-01-14 13:00:00,1033.3000000000002
2022-01-14 14:00:00,1033.8000000000002
2022-01-14 15:00:00,1035.1999999999998
2022-01-14 16:00:00,1032.6999999999998
2022-01-14 17:00:00,1032.6999999999998
2022-01-14 18:00:00,1032.6999999999998
2022-01-14 19:00:00,1032.6999999999998
2022-01-14 20:00:00,1032.6999999999998
2022-01-14 21:00:00,1032.6999999999998
2022-01-14 23:00:00,
2022-01-17 08:00:00,1031.5
2022-01-17 09:00:00,1034.9
2022-01-17 10:00:00,1034.9
2022-01-17 11:00:00,1034.9
2022-01-17 12:00:00,1035.8000000000002
2022-01-17 13:00:00,1035.8000000000002
2022-01-17 14:00:00,1036.9
2022-01-17 15:00:00,1036.9
2022-01-17 16:00:00,1036.9
2022-01-17 17:00:00,1036.9
2022-01-17 18:00:00,1036.9
2022-01-17 19:00:00,1036.9
2022-01-17 20:00:00,1036.9
2022-01-17 21:00:00,1036.9
2022-01-17 23:00:00,
2022-01-18 08:00:00,1024.0
2022-01-18 09:00:00,1024.0
2022-01-18 10:00:00,1024.8000000000002
2022-01-18 11:00:00,1021.6
2022-01-18 12:00:00,1026.8000000000002
2022-01-18 13:00:00,1028.6
2022-01-18 14:00:00,1026.6999999999998
2022-01-18 15:00:00,1026.8000000000002
2022-01-18 16:00:00,1025.1
2022-01-18 17:00:00,1025.1
2022-01-18 18:00:00,1025.1
2022-01-18 19:00:00,1025.1
2022-01-18 20:00:00,1025.1
2022-01-18 21:00:00,1025.1
2022-01-18 23:00:00,
2022-01-19 08:00:00,1041.3000000000002
2022-01-19 09:00:00,1047.6
2022-01-19 10:00:00,1047.9
2022-01-19 11:00:00,1047.9
2022-01-19 12:00:00,1047.9
2022-01-19 13:00:00,1050.1
2022-01-19 14:00:00,1047.8000000000002
2022-01-19 15:00:00,1047.6999999999998
2022-01-19 16:00:00,1047.6
2022-01-19 17:00:00,1047.6
2022-01-19 18:00:00,1047.6
2022-01-19 19:00:00,1047.6
2022-01-19 20:00:00,1047.6
2022-01-19 21:00:00,1047.6
2022-01-19 23:00:00,
2022-01-20 08:00:00,1044.5
2022-01-20 09:00:00,1044.5
2022-01-20 10:00:00,1044.5
2022-01-20 11:00:00,1044.5
2022-01-20 12:00:00,1044.5
2022-01-20 13:00:00,1044.5
2022-01-20 14:00:00,1044.5
2022-01-20 15:00:00,1050.8000000000002
2022-01-20 16:00:00,1050.8000000000002
2022-01-20 17:00:00,1050.8000000000002
2022-01-20 18:00:00,1050.8000000000002
2022-01-20 19:00:00,1050.8000000000002
2022-01-20 20:00:00,1050.8000000000002
2022-01-20 21:00:00,1050.8000000000002
2022-01-20 23:00:00,
2022-01-21 08:00:00,1042.6999999999998
2022-01-21 09:00:00,1041.9
2022-01-21 10:00:00,1043.1999999999998
2022-01-21 11:00:00,1039.6
2022-01-21 12:00:00,1039.6
2022-01-21 13:00:00,1039.6
2022-01-21 14:00:00,1031.4
2022-01-21 15:00:00,1031.4
2022-01-21 16:00:00,1036.1
2022-01-21 17:00:00,1036.1
2022-01-21 18:00:00,1036.1
2022-01-21 19:00:00,1036.1
2022-01-21 20:00:00,1036.1
2022-01-21 21:00:00,1036.1
2022-01-21 23:00:00,
2022-01-24 08:00:00,1036.9
2022-01-24 09:00:00,1033.6999999999998
2022-01-24 10:00:00,1032.1
2022-01-24 11:00:00,1032.9
2022-01-24 12:00:00,1032.9
2022-01-24 13:00:00,1030.0
2022-01-24 14:00:00,1028.4
2022-01-24 15:00:00,1020.6999999999999
2022-01-24 16:00:00,1019.3000000000001
2022-01-24 17:00:00,1019.3000000000001
2022-01-24 18:00:00,1019.3000000000001
2022-01-24 19:00:00,1019.3000000000001
2022-01-24 20:00:00,1019.3000000000001
2022-01-24 21:00:00,1019.3000000000001
2022-01-24 23:00:00,
2022-01-25 08:00:00,1027.3000000000002
2022-01-25 09:00:00,1023.0999999999999
2022-01-25 10:00:00,1023.0999999999999
2022-01-25 11:00:00,1023.0999999999999
2022-01-25 12:00:00,1018.8000000000001
2022-01-25 13:00:00,1018.8000000000001
2022-01-25 14:00:00,1020.0000000000001
2022-01-25 15:00:00,1020.0000000000001
2022-01-25 16:00:00,1017.5000000000001
2022-01-25 17:00:00,1017.5000000000001
2022-01-25 18:00:00,1017.5000000000001
2022-01-25 19:00:00,1017.5000000000001
2022-01-25 20:00:00,1017.5000000000001
2022-01-25 21:00:00,1017.5000000000001
2022-01-25 23:00:00,
2022-01-26 08:00:00,1026.0
2022-01-26 09:00:00,1030.1
2022-01-26 10:00:00,1028.0
2022-01-26 11:00:00,1028.1999999999998
2022-01-26 12:00:00,1030.3000000000002
2022-01-26 13:00:00,1031.9
2022-01-26 14:00:00,1029.4
2022-01-26 15:00:00,1022.5999999999999
2022-01-26 16:00:00,1026.9
2022-01-26 17:00:00,1026.9
2022-01-26 18:00:00,1026.9
2022-01-26 19:00:00,1026.9
2022-01-26 20:00:00,1026.9
2022-01-26 21:00:00,1026.9
2022-01-26 23:00:00,
2022-01-27 08:00:00,1012.8000000000001
2022-01-27 09:00:00,1016.1
2022-01-27 10:00:00,1015.5000000000001
2022-01-27 11:00:00,1014.8000000000001
2022-01-27 12:00:00,1016.5000000000001
2022-01-27 13:00:00,1021.3000000000001
2022-01-27 14:00:00,1021.3000000000001
2022-01-27 15:00:00,1021.3000000000001
2022-01-27 16:00:00,1026.3000000000002
2022-01-27 17:00:00,1026.3000000000002
2022-01-27 18:00:00,1026.3000000000002
2022-01-27 19:00:00,1026.3000000000002
2022-01-27 20:00:00,1026.3000000000002
2022-01-27 21:00:00,1026.3000000000002
2022-01-27 23:00:00,
2022-01-28 08:00:00,1027.3000000000002
2022-01-28 09:00:00,1020.6999999999999
2022-01-28 10:00:00,1016.0000000000001
2022-01-28 11:00:00,1012.6
2022-01-28 12:00:00,1003.4
2022-01-28 13:00:00,1009.5000000000001
2022-01-28 14:00:00,1009.5000000000001
2022-01-28 15:00:00,1009.5000000000001
2022-01-28 16:00:00,1025.0
2022-01-28 17:00:00,1025.0
2022-01-28 18:00:00,1025.0
2022-01-28 19:00:00,1025.0
2022-01-28 20:00:00,1025.0
2022-01-28 21:00:00,1025.0
2022-01-28 23:00:00,
2022-01-31 09:00:00,1034.6999999999998
2022-01-31 10:00:00,1034.4
2022-01-31 11:00:00,1034.4
2022-01-31 12:00:00,1027.3000000000002
2022-01-31 13:00:00,1027.3000000000002
2022-01-31 14:00:00,1025.5
2022-01-31 15:00:00,1025.5
2022-01-31 16:00:00,1025.5
2022-01-31 17:00:00,1025.5
2022-01-31 18:00:00,1025.5
2022-01-31 19:00:00,1025.5
2022-01-31 20:00:00,1025.5
2022-01-31 21:00:00,1025.5
2022-01-31 23:00:00,
2022-02-01 08:00:00,1040.1999999999998
2022-02-01 09:00:00,1042.1999999999998
2022-02-01 10:00:00,1039.1
2022-02-01 11:00:00,1039.1
2022-02-01 12:00:00,1046.5
2022-02-01 13:00:00,1046.3000000000002
2022-02-01 14:00:00,1043.1999999999998
2022-02-01 15:00:00,1040.1999999999998
2022-02-01 16:00:00,1040.1999999999998
2022-02-01 17:00:00,1040.1999999999998
2022-02-01 18:00:00,1040.1999999999998
2022-02-01 19:00:00,1040.1999999999998
2022-02-01 20:00:00,1040.1999999999998
2022-02-01 21:00:00,1040.1999999999998
2022-02-01 23:00:00,
2022-02-02 10:00:00,1049.5
2022-02-02 11:00:00,1047.9
2022-02-02 12:00:00,1048.6999999999998
2022-02-02 13:00:00,1049.5
2022-02-02 14:00:00,1049.5
2022-02-02 15:00:00,1049.0
2022-02-02 16:00:00,1049.0
2022-02-02 17:00:00,1049.0
2022-02-02 18:00:00,1049.0
2022-02-02 19:00:00,1049.0
2022-02-02 20:00:00,1049.0
2022-02-02 21:00:00,1049.0
2022-02-02 23:00:00,
2022-02-03 08:00:00,1048.1
2022-02-03 09:00:00,1045.1999999999998
2022-02-03 10:00:00,1045.1999999999998
2022-02-03 11:00:00,1045.1999999999998
2022-02-03 12:00:00,1046.8000000000002
2022-02-03 13:00:00,1041.8000000000002
2022-02-03 14:00:00,1036.6999999999998
2022-02-03 15:00:00,1031.1
2022-02-03 16:00:00,1031.1
2022-02-03 17:00:00,1031.1
2022-02-03 18:00:00,1031.1
2022-02-03 19:00:00,1031.1
2022-02-03 20:00:00,1031.1
2022-02-03 21:00:00,1031.1
2022-02-03 23:00:00,
2022-02-04 08:00:00,1026.4
2022-02-04 09:00:00,1024.0
2022-02-04 10:00:00,1024.0
2022-02-04 11:00:00,1015.3000000000001
2022-02-04 12:00:00,1017.4
2022-02-04 13:00:00,1016.6
2022-02-04 14:00:00,1016.6
2022-02-04 15:00:00,1016.6
2022-02-04 16:00:00,1015.6999999999999
2022-02-04 17:00:00,1015.6999999999999
2022-02-04 18:00:00,1015.6999999999999
2022-02-04 19:00:00,1015.6999999999999
2022-02-04 20:00:00,1015.6999999999999
2022-02-04 21:00:00,1015.6999999999999
2022-02-04 23:00:00,
2022-02-07 08:00:00,1016.9
2022-02-07 09:00:00,1016.9
2022-02-07 10:00:00,1016.9
2022-02-07 11:00:00,1016.9
2022-02-07 12:00:00,1016.5000000000001
2022-02-07 13:00:00,1016.5000000000001
2022-02-07 14:00:00,1016.5000000000001
2022-02-07 15:00:00,1022.9000000000001
2022-02-07 16:00:00,1023.1999999999998
2022-02-07 17:00:00,1023.1999999999998
2022-02-07 18:00:00,1023.1999999999998
2022-02-07 19:00:00,1023.1999999999998
2022-02-07 20:00:00,1023.1999999999998
2022-02-07 21:00:00,1023.1999999999998
2022-02-07 23:00:00,
2022-02-08 08:00:00,1029.1999999999998
2022-02-08 09:00:00,1029.1
2022-02-08 10:00:00,1029.1
2022-02-08 11:00:00,1029.1
2022-02-08 12:00:00,1029.1
2022-02-08 13:00:00,1018.8000000000001
2022-02-08 14:00:00,1017.0000000000001
2022-02-08 15:00:00,1017.0000000000001
2022-02-08 16:00:00,1019.5000000000001
2022-02-08 17:00:00,1019.5000000000001
2022-02-08 18:00:00,1019.5000000000001
2022-02-08 19:00:00,1019.5000000000001
2022-02-08 20:00:00,1019.5000000000001
2022-02-08 21:00:00,1019.5000000000001
2022-02-08 23:00:00,
2022-02-09 08:00:00,1035.9
2022-02-09 09:00:00,1035.9
2022-02-09 10:00:00,1035.9
2022-02-09 11:00:00,1035.9
2022-02-09 12:00:00,1034.6
2022-02-09 13:00:00,1034.6
2022-02-09 14:00:00,1034.6
2022-02-09 15:00:00,1028.8000000000002
2022-02-09 16:00:00,1030.6999999999998
2022-02-09 17:00:00,1030.6999999999998
2022-02-09 18:00:00,1030.6999999999998
2022-02-09 19:00:00,1030.6999999999998
2022-02-09 20:00:00,1030.6999999999998
2022-02-09 21:00:00,1030.6999999999998
2022-02-09 23:00:00,
2022-02-10 08:00:00,1024.8000000000002
2022-02-10 09:00:00,1024.8000000000002
2022-02-10 10:00:00,1024.8000000000002
2022-02-10 11:00:00,1024.1
2022-02-10 12:00:00,1024.1
2022-02-10 13:00:00,1019.3000000000001
2022-02-10 14:00:00,1020.1
2022-02-10 15:00:00,1020.1
2022-02-10 16:00:00,1018.1999999999999
2022-02-10 17:00:00,1018.1999999999999
2022-02-10 18:00:00,1018.1999999999999
2022-02-10 19:00:00,1018.1999999999999
2022-02-10 20:00:00,1018.1999999999999
2022-02-10 21:00:00,1018.1999999999999
2022-02-10 23:00:00,
2022-02-11 08:00:00,1016.1999999999999
2022-02-11 09:00:00,1016.1999999999999
2022-02-11 10:00:00,1014.5000000000001
2022-02-11 11:00:00,1013.9
2022-02-11 12:00:00,1013.9
2022-02-11 13:00:00,1013.9
2022-02-11 14:00:00,1013.9
2022-02-11 15:00:00,1013.9
2022-02-11 16:00:00,1017.6999999999999
2022-02-11 17:00:00,1017.6999999999999
2022-02-11 18:00:00,1017.6999999999999
2022-02-11 19:00:00,1017.6999999999999
2022-02-11 20:00:00,1017.6999999999999
2022-02-11 21:00:00,1017.6999999999999
2022-02-11 23:00:00,
2022-02-14 08:00:00,998.6
2022-02-14 09:00:00,995.0
2022-02-14 10:00:00,996.3000000000001
2022-02-14 11:00:00,996.3000000000001
2022-02-14 12:00:00,1003.3000000000001
2022-02-14 13:00:00,1003.3000000000001
2022-02-14 14:00:00,1003.3000000000001
2022-02-14 15:00:00,1003.3000000000001
2022-02-14 16:00:00,1001.3000000000001
2022-02-14 17:00:00,1001.3000000000001
2022-02-14 18:00:00,1001.3000000000001
2022-02-14 19:00:00,1001.3000000000001
2022-02-14 20:00:00,1001.3000000000001
2022-02-14 21:00:00,1001.3000000000001
2022-02-14 23:00:00,
2022-02-15 08:00:00,1014.9
2022-02-15 09:00:00,1012.8000000000001
2022-02-15 10:00:00,1013.5000000000001
2022-02-15 11:00:00,1013.5000000000001
2022-02-15 12:00:00,1016.6999999999999
2022-02-15 13:00:00,1016.6999999999999
2022-02-15 14:00:00,1017.3000000000001
2022-02-15 15:00:00,1017.3000000000001
2022-02-15 16:00:00,1019.3000000000001
2022-02-15 17:00:00,1019.3000000000001
2022-02-15 18:00:00,1019.3000000000001
2022-02-15 19:00:00,1019.3000000000001
2022-02-15 20:00:00,1019.3000000000001
2022-02-15 21:00:00,1019.3000000000001
2022-02-15 23:00:00,
2022-02-16 08:00:00,1023.5999999999999
2022-02-16 09:00:00,1021.0000000000001
2022-02-16 10:00:00,1021.0000000000001
2022-02-16 11:00:00,1021.0000000000001
2022-02-16 12:00:00,1016.8000000000001
2022-02-16 13:00:00,1016.8000000000001
2022-02-16 14:00:00,1016.8000000000001
2022-02-16 15:00:00,1016.8000000000001
2022-02-16 16:00:00,1014.4
2022-02-16 17:00:00,1014.4
2022-02-16 18:00:00,1014.4
2022-02-16 19:00:00,1014.4
2022-02-16 20:00:00,1014.4
2022-02-16 21:00:00,1014.4
2022-02-16 23:00:00,
2022-02-17 08:00:00,1023.3000000000002
2022-02-17 09:00:00,1024.6
2022-02-17 10:00:00,1024.6
2022-02-17 11:00:00,1022.1999999999998
2022-02-17 12:00:00,1022.1999999999998
2022-02-17 13:00:00,1025.4
2022-02-17 14:00:00,1021.1999999999999
2022-02-17 15:00:00,1016.0000000000001
2022-02-17 16:00:00,1017.3000000000001
2022-02-17 17:00:00,1017.3000000000001
2022-02-17 18:00:00,1017.3000000000001
2022-02-17 19:00:00,1017.3000000000001
2022-02-17 20:00:00,1017.3000000000001
2022-02-17 21:00:00,1017.3000000000001
2022-02-17 23:00:00,
2022-02-18 08:00:00,1024.5
2022-02-18 09:00:00,1024.5
2022-02-18 10:00:00,1024.5
2022-02-18 11:00:00,1024.5
2022-02-18 12:00:00,1027.3000000000002
2022-02-18 13:00:00,1024.5
2022-02-18 14:00:00,1024.5
2022-02-18 15:00:00,1024.5
2022-02-18 16:00:00,1017.4
2022-02-18 17:00:00,1017.4
2022-02-18 18:00:00,1017.4
2022-02-18 19:00:00,1017.4
2022-02-18 20:00:00,1017.4
2022-02-18 21:00:00,1017.4
2022-02-18 23:00:00,
2022-02-21 07:00:00,1015.6
2022-02-21 08:00:00,1020.6
2022-02-21 09:00:00,1018.3000000000001
2022-02-21 10:00:00,1018.3000000000001
2022-02-21 11:00:00,1014.9
2022-02-21 12:00:00,1014.9
2022-02-21 13:00:00,1006.1999999999999
2022-02-21 14:00:00,1006.1999999999999
2022-02-21 15:00:00,1006.1999999999999
2022-02-21 16:00:00,1008.6
2022-02-21 17:00:00,1008.6
2022-02-21 18:00:00,1008.6
2022-02-21 19:00:00,1008.6
2022-02-21 20:00:00,1008.6
2022-02-21 21:00:00,1008.6
2022-02-21 23:00:00,
2022-02-22 08:00:00,997.1
2022-02-22 09:00:00,993.1
2022-02-22 10:00:00,1000.7
2022-02-22 11:00:00,1000.7
2022-02-22 12:00:00,1000.7
2022-02-22 13:00:00,1000.7
2022-02-22 14:00:00,1000.7
2022-02-22 15:00:00,1000.7
2022-02-22 16:00:00,1001.0
2022-02-22 17:00:00,1001.0
2022-02-22 18:00:00,1001.0
2022-02-22 19:00:00,1001.0
2022-02-22 20:00:00,1001.0
2022-02-22 21:00:00,1001.0
2022-02-22 23:00:00,
2022-02-23 08:00:00,1005.9
2022-02-23 09:00:00,1011.4
2022-02-23 10:00:00,1011.4
2022-02-23 11:00:00,1011.4
2022-02-23 12:00:00,1011.4
2022-02-23 13:00:00,1011.4
2022-02-23 14:00:00,1011.4
2022-02-23 15:00:00,1006.8000000000001
2022-02-23 16:00:00,1001.8000000000001
2022-02-23 17:00:00,1001.8000000000001
2022-02-23 18:00:00,1001.8000000000001
2022-02-23 19:00:00,1001.8000000000001
2022-02-23 20:00:00,1001.8000000000001
2022-02-23 21:00:00,1001.8000000000001
2022-02-23 23:00:00,
2022-02-24 07:00:00,954.4
2022-02-24 08:00:00,970.7
2022-02-24 09:00:00,967.2
2022-02-24 10:00:00,960.2
2022-02-24 11:00:00,961.0
2022-02-24 12:00:00,962.0
2022-02-24 13:00:00,962.0
2022-02-24 14:00:00,963.1
2022-02-24 15:00:00,957.6
2022-02-24 16:00:00,957.6
2022-02-24 17:00:00,957.6
2022-02-24 18:00:00,957.6
2022-02-24 19:00:00,957.6
2022-02-24 20:00:00,957.6
2022-02-24 21:00:00,957.6
2022-02-24 23:00:00,
2022-02-25 08:00:00,968.1
2022-02-25 09:00:00,961.5
2022-02-25 10:00:00,961.5
2022-02-25 11:00:00,975.7
2022-02-25 12:00:00,978.1
2022-02-25 13:00:00,978.1
2022-02-25 14:00:00,978.1
2022-02-25 15:00:00,982.3000000000001
2022-02-25 16:00:00,989.4
2022-02-25 17:00:00,989.4
2022-02-25 18:00:00,989.4
2022-02-25 19:00:00,989.4
2022-02-25 20:00:00,989.4
2022-02-25 21:00:00,989.4
2022-02-25 23:00:00,
2022-02-28 08:00:00,970.5
2022-02-28 09:00:00,970.5
2022-02-28 10:00:00,970.5
2022-02-28 11:00:00,970.5
2022-02-28 12:00:00,970.5
2022-02-28 13:00:00,970.5
2022-02-28 14:00:00,970.5
2022-02-28 15:00:00,970.5
2022-02-28 16:00:00,970.5
2022-02-28 17:00:00,970.5
2022-02-28 18:00:00,970.5
2022-02-28 19:00:00,970.5
2022-02-28 20:00:00,970.5
2022-02-28 21:00:00,970.5
2022-02-28 23:00:00,
2022-03-01 08:00:00,982.6
2022-03-01 09:00:00,978.0
2022-03-01 10:00:00,978.0
2022-03-01 11:00:00,978.0
2022-03-01 12:00:00,978.0
2022-03-01 13:00:00,978.0
2022-03-01 14:00:00,970.8000000000001
2022-03-01 15:00:00,960.7
2022-03-01 16:00:00,957.1
2022-03-01 17:00:00,957.1
2022-03-01 18:00:00,957.1
2022-03-01 19:00:00,957.1
2022-03-01 20:00:00,957.1
2022-03-01 21:00:00,957.1
2022-03-01 23:00:00,
2022-03-02 08:00:00,955.8000000000001
2022-03-02 09:00:00,955.8000000000001
2022-03-02 10:00:00,955.8000000000001
2022-03-02 11:00:00,957.8000000000001
2022-03-02 12:00:00,961.8000000000001
2022-03-02 13:00:00,961.8000000000001
2022-03-02 14:00:00,961.8000000000001
2022-03-02 15:00:00,961.1
2022-03-02 16:00:00,961.1
2022-03-02 17:00:00,961.1
2022-03-02 18:00:00,961.1
2022-03-02 19:00:00,961.1
2022-03-02 20:00:00,961.1
2022-03-02 21:00:00,961.1
2022-03-02 23:00:00,
2022-03-03 08:00:00,964.9
2022-03-03 09:00:00,960.1
2022-03-03 10:00:00,960.1
2022-03-03 11:00:00,960.1
2022-03-03 12:00:00,960.1
2022-03-03 13:00:00,960.1
2022-03-03 14:00:00,960.1
2022-03-03 15:00:00,944.9
2022-03-03 16:00:00,939.9
2022-03-03 17:00:00,939.9
2022-03-03 18:00:00,939.9
2022-03-03 19:00:00,939.9
2022-03-03 20:00:00,939.9
2022-03-03 21:00:00,939.9
2022-03-03 23:00:00,
2022-03-04 08:00:00,930.7
2022-03-04 09:00:00,909.6
2022-03-04 10:00:00,909.6
2022-03-04 11:00:00,909.6
2022-03-04 12:00:00,909.6
2022-03-04 13:00:00,912.4
2022-03-04 14:00:00,904.9
2022-03-04 15:00:00,904.9
2022-03-04 16:00:00,902.2
2022-03-04 17:00:00,902.2
2022-03-04 18:00:00,902.2
2022-03-04 19:00:00,902.2
2022-03-04 20:00:00,902.2
2022-03-04 21:00:00,902.2
2022-03-04 23:00:00,900.0
2022-03-07 08:00:00,859.3000000000001
2022-03-07 09:00:00,868.5
2022-03-07 10:00:00,862.8000000000001
2022-03-07 11:00:00,866.4
2022-03-07 12:00:00,874.1
2022-03-07 13:00:00,883.6
2022-03-07 14:00:00,890.1
2022-03-07 15:00:00,890.1
2022-03-07 16:00:00,880.7
2022-03-07 17:00:00,880.7
2022-03-07 18:00:00,880.7
2022-03-07 19:00:00,880.7
2022-03-07 20:00:00,880.7
2022-03-07 21:00:00,880.7
2022-03-08 08:00:00,877.5
2022-03-08 09:00:00,873.3000000000001
2022-03-08 10:00:00,872.6
2022-03-08 11:00:00,869.3000000000001
2022-03-08 12:00:00,869.3000000000001
2022-03-08 13:00:00,864.3000000000001
2022-03-08 14:00:00,861.2
2022-03-08 15:00:00,861.2
2022-03-08 16:00:00,863.4
2022-03-08 17:00:00,863.4
2022-03-08 18:00:00,863.4
2022-03-08 19:00:00,863.4
2022-03-08 20:00:00,863.4
2022-03-08 21:00:00,863.4
2022-03-09 08:00:00,883.3000000000001
2022-03-09 09:00:00,893.8000000000001
2022-03-09 10:00:00,893.8000000000001
2022-03-09 11:00:00,896.4
2022-03-09 12:00:00,896.4
2022-03-09 13:00:00,900.9
2022-03-09 14:00:00,909.0
2022-03-09 15:00:00,916.7
2022-03-09 16:00:00,916.4
2022-03-09 17:00:00,916.4
2022-03-09 18:00:00,916.4
2022-03-09 19:00:00,916.4
2022-03-09 20:00:00,916.4
2022-03-09 21:00:00,916.4
2022-03-10 08:00:00,904.9
2022-03-10 09:00:00,905.2
2022-03-10 10:00:00,902.1
2022-03-10 11:00:00,902.1
2022-03-10 12:00:00,892.2
2022-03-10 13:00:00,897.9
2022-03-10 14:00:00,897.9
2022-03-10 15:00:00,897.9
2022-03-10 16:00:00,897.9
2022-03-10 17:00:00,897.9
2022-03-10 18:00:00,897.9
2022-03-10 19:00:00,897.9
2022-03-10 20:00:00,897.9
2022-03-10 21:00:00,897.9
2022-03-11 08:00:00,890.7
2022-03-11 09:00:00,900.1
2022-03-11 10:00:00,901.6
2022-03-11 11:00:00,911.6
2022-03-11 12:00:00,911.6
2022-03-11 13:00:00,911.6
2022-03-11 14:00:00,911.6
2022-03-11 15:00:00,911.6
2022-03-11 16:00:00,899.3000000000001
2022-03-11 17:00:00,899.3000000000001
2022-03-11 18:00:00,899.3000000000001
2022-03-11 19:00:00,899.3000000000001
2022-03-11 20:00:00,899.3000000000001
2022-03-11 21:00:00,899.3000000000001
2022-03-14 09:00:00,907.3000000000001
2022-03-14 10:00:00,905.7
2022-03-14 11:00:00,905.6
2022-03-14 12:00:00,905.6
2022-03-14 13:00:00,905.6
2022-03-14 14:00:00,905.6
2022-03-14 15:00:00,911.1
2022-03-14 16:00:00,907.7
2022-03-14 17:00:00,907.7
2022-03-14 18:00:00,907.7
2022-03-14 18:00:01,907.7
2022-03-14 19:00:00,907.7
2022-03-14 20:00:00,907.7
2022-03-14 21:00:00,907.7
2022-03-15 14:00:00,900.2
2022-03-15 15:00:00,900.2
2022-03-15 16:00:00,900.2
2022-03-15 17:00:00,900.2
2022-03-15 18:00:00,900.2
2022-03-15 19:00:00,900.2
2022-03-15 20:00:00,900.2
2022-03-15 21:00:00,900.2
2022-03-16 08:00:00,919.0
2022-03-16 09:00:00,919.0
2022-03-16 10:00:00,924.1
2022-03-16 11:00:00,931.0
2022-03-16 12:00:00,931.0
2022-03-16 13:00:00,929.0
2022-03-16 14:00:00,933.8000000000001
2022-03-16 15:00:00,933.8000000000001
2022-03-16 16:00:00,933.8000000000001
2022-03-16 17:00:00,933.8000000000001
2022-03-16 18:00:00,933.8000000000001
2022-03-16 19:00:00,933.8000000000001
2022-03-16 20:00:00,933.8000000000001
2022-03-16 21:00:00,933.8000000000001
2022-03-17 13:00:00,936.6
2022-03-17 14:00:00,936.6
2022-03-17 15:00:00,936.6
2022-03-17 16:00:00,941.5
2022-03-17 17:00:00,941.5
2022-03-17 18:00:00,941.5
2022-03-17 19:00:00,941.5
2022-03-17 20:00:00,941.5
2022-03-17 21:00:00,941.5
2022-03-18 11:00:00,934.3000000000001
2022-03-18 12:00:00,934.3000000000001
2022-03-18 13:00:00,939.8000000000001
2022-03-18 14:00:00,939.8000000000001
2022-03-18 15:00:00,939.8000000000001
2022-03-18 16:00:00,951.3000000000001
2022-03-18 17:00:00,951.3000000000001
2022-03-18 18:00:00,951.3000000000001
2022-03-18 19:00:00,951.3000000000001
2022-03-18 20:00:00,951.3000000000001
2022-03-18 21:00:00,951.3000000000001
2022-03-21 09:00:00,951.1
2022-03-21 10:00:00,951.1
2022-03-21 11:00:00,951.1
2022-03-21 12:00:00,951.1
2022-03-21 13:00:00,951.1
2022-03-21 14:00:00,951.1
2022-03-21 15:00:00,951.1
2022-03-21 16:00:00,951.1
2022-03-21 17:00:00,951.1
2022-03-21 18:00:00,951.1
2022-03-21 19:00:00,951.1
2022-03-21 20:00:00,951.1
2022-03-21 21:00:00,951.1
2022-03-22 09:00:00,952.9
2022-03-22 10:00:00,952.9
2022-03-22 11:00:00,949.8000000000001
2022-03-22 12:00:00,949.8000000000001
2022-03-22 13:00:00,949.8000000000001
2022-03-22 14:00:00,959.7
2022-03-22 15:00:00,959.7
2022-03-22 16:00:00,959.7
2022-03-22 17:00:00,959.7
2022-03-22 18:00:00,959.7
2022-03-22 19:00:00,959.7
2022-03-22 20:00:00,959.7
2022-03-22 21:00:00,959.7
2022-03-23 08:00:00,957.0
2022-03-23 09:00:00,957.0
2022-03-23 10:00:00,957.0
2022-03-23 11:00:00,957.0
2022-03-23 12:00:00,957.0
2022-03-23 13:00:00,941.6
2022-03-23 14:00:00,941.6
2022-03-23 15:00:00,941.6
2022-03-23 16:00:00,939.0
2022-03-23 17:00:00,939.0
2022-03-23 18:00:00,939.0
2022-03-23 19:00:00,939.0
2022-03-23 20:00:00,939.0
2022-03-23 21:00:00,939.0
2022-03-24 11:00:00,937.2
2022-03-24 12:00:00,937.2
2022-03-24 13:00:00,937.2
2022-03-24 14:00:00,937.2
2022-03-24 15:00:00,936.0
2022-03-24 16:00:00,935.7
2022-03-24 17:00:00,935.7
2022-03-24 18:00:00,935.7
2022-03-24 19:00:00,935.7
2022-03-24 20:00:00,935.7
2022-03-24 21:00:00,935.7
2022-03-25 09:00:00,937.2
2022-03-25 10:00:00,937.2
2022-03-25 11:00:00,937.2
2022-03-25 12:00:00,937.2
2022-03-25 13:00:00,937.2
2022-03-25 14:00:00,944.5
2022-03-25 15:00:00,936.3000000000001
2022-03-25 16:00:00,936.3000000000001
2022-03-25 17:00:00,936.3000000000001
2022-03-25 18:00:00,936.3000000000001
2022-03-25 19:00:00,936.3000000000001
2022-03-25 20:00:00,936.3000000000001
2022-03-25 21:00:00,936.3000000000001
2022-03-28 16:00:00,945.9
2022-03-28 17:00:00,945.9
2022-03-28 18:00:00,945.9
2022-03-28 19:00:00,945.9
2022-03-28 20:00:00,945.9
2022-03-28 21:00:00,945.9
2022-03-29 08:00:00,956.5
2022-03-29 09:00:00,956.5
2022-03-29 10:00:00,959.3000000000001
2022-03-29 11:00:00,967.9
2022-03-29 12:00:00,970.8000000000001
2022-03-29 13:00:00,972.1
2022-03-29 14:00:00,977.5
2022-03-29 15:00:00,972.4
2022-03-29 16:00:00,972.4
2022-03-29 17:00:00,972.4
2022-03-29 18:00:00,972.4
2022-03-29 19:00:00,972.4
2022-03-29 20:00:00,972.4
2022-03-29 21:00:00,972.4
2022-03-30 08:00:00,965.7
2022-03-30 09:00:00,965.7
2022-03-30 10:00:00,965.7
2022-03-30 11:00:00,965.7
2022-03-30 12:00:00,965.7
2022-03-30 13:00:00,966.5
2022-03-30 14:00:00,966.5
2022-03-30 15:00:00,966.5
2022-03-30 16:00:00,972.6
2022-03-30 17:00:00,972.6
2022-03-30 18:00:00,972.6
2022-03-30 19:00:00,972.6
2022-03-30 20:00:00,972.6
2022-03-30 21:00:00,972.6
2022-03-31 10:00:00,963.0
2022-03-31 11:00:00,963.0
2022-03-31 12:00:00,963.0
2022-03-31 13:00:00,963.0
2022-03-31 14:00:00,963.0
2022-03-31 15:00:00,963.0
2022-03-31 16:00:00,954.1
2022-03-31 17:00:00,954.1
2022-03-31 18:00:00,954.1
2022-03-31 19:00:00,954.1
2022-03-31 20:00:00,954.1
2022-03-31 21:00:00,954.1
2022-04-01 08:00:00,954.6
2022-04-01 09:00:00,956.9
2022-04-01 10:00:00,960.7
2022-04-01 11:00:00,960.7
2022-04-01 12:00:00,960.7
2022-04-01 13:00:00,960.7
2022-04-01 14:00:00,960.2
2022-04-01 15:00:00,960.2
2022-04-01 16:00:00,959.3000000000001
2022-04-01 17:00:00,959.3000000000001
2022-04-01 18:00:00,959.3000000000001
2022-04-01 19:00:00,959.3000000000001
2022-04-01 20:00:00,959.3000000000001
2022-04-01 21:00:00,959.3000000000001
2022-04-04 08:00:00,962.7
2022-04-04 09:00:00,961.9
2022-04-04 10:00:00,966.3000000000001
2022-04-04 11:00:00,970.7
2022-04-04 12:00:00,969.6
2022-04-04 13:00:00,969.6
2022-04-04 14:00:00,967.2
2022-04-04 15:00:00,972.2
2022-04-04 16:00:00,972.2
2022-04-04 17:00:00,972.2
2022-04-04 18:00:00,972.2
2022-04-04 19:00:00,972.2
2022-04-04 20:00:00,972.2
2022-04-04 21:00:00,972.2
2022-04-05 09:00:00,975.8000000000001
2022-04-05 10:00:00,975.8000000000001
2022-04-05 11:00:00,970.7
2022-04-05 12:00:00,970.7
2022-04-05 13:00:00,972.1
2022-04-05 14:00:00,974.7
2022-04-05 15:00:00,973.6
2022-04-05 16:00:00,973.5
2022-04-05 17:00:00,973.5
2022-04-05 18:00:00,973.5
2022-04-05 19:00:00,973.5
2022-04-05 20:00:00,973.5
2022-04-05 21:00:00,973.5
2022-04-06 09:00:00,962.6
2022-04-06 10:00:00,964.9
2022-04-06 11:00:00,962.8000000000001
2022-04-06 12:00:00,962.8000000000001
2022-04-06 13:00:00,955.5
2022-04-06 14:00:00,955.5
2022-04-06 15:00:00,955.5
2022-04-06 16:00:00,954.1
2022-04-06 17:00:00,954.1
2022-04-06 18:00:00,954.1
2022-04-06 19:00:00,954.1
2022-04-06 20:00:00,954.1
2022-04-06 21:00:00,954.1
2022-04-07 08:00:00,961.3000000000001
2022-04-07 09:00:00,961.3000000000001
2022-04-07 10:00:00,961.3000000000001
2022-04-07 11:00:00,961.3000000000001
2022-04-07 12:00:00,961.2
2022-04-07 13:00:00,961.2
2022-04-07 14:00:00,961.2
2022-04-07 15:00:00,953.1
2022-04-07 16:00:00,947.5
2022-04-07 17:00:00,947.5
2022-04-07 18:00:00,947.5
2022-04-07 19:00:00,947.5
2022-04-07 20:00:00,947.5
2022-04-07 21:00:00,947.5
2022-04-08 08:00:00,959.1
2022-04-08 09:00:00,959.1
2022-04-08 10:00:00,956.5
2022-04-08 11:00:00,957.3000000000001
2022-04-08 12:00:00,957.3000000000001
2022-04-08 13:00:00,957.3000000000001
2022-04-08 14:00:00,957.3000000000001
2022-04-08 15:00:00,957.3000000000001
2022-04-08 16:00:00,957.2
2022-04-08 17:00:00,957.2
2022-04-08 18:00:00,957.2
2022-04-08 19:00:00,957.2
2022-04-08 20:00:00,957.2
2022-04-08 21:00:00,957.2
2022-04-11 08:00:00,949.9
2022-04-11 09:00:00,949.9
2022-04-11 10:00:00,949.9
2022-04-11 11:00:00,948.8000000000001
2022-04-11 12:00:00,948.8000000000001
2022-04-11 13:00:00,948.8000000000001
2022-04-11 14:00:00,942.9
2022-04-11 15:00:00,942.9
2022-04-11 16:00:00,943.7
2022-04-11 17:00:00,943.7
2022-04-11 18:00:00,943.7
2022-04-11 19:00:00,943.7
2022-04-11 20:00:00,943.7
2022-04-11 21:00:00,943.7
2022-04-12 08:00:00,935.2
2022-04-12 09:00:00,937.8000000000001
2022-04-12 10:00:00,937.8000000000001
2022-04-12 11:00:00,937.8000000000001
2022-04-12 12:00:00,940.9
2022-04-12 13:00:00,946.5
2022-04-12 14:00:00,947.5
2022-04-12 15:00:00,944.3000000000001
2022-04-12 16:00:00,945.1
2022-04-12 17:00:00,945.1
2022-04-12 18:00:00,945.1
2022-04-12 19:00:00,945.1
2022-04-12 20:00:00,945.1
2022-04-12 21:00:00,945.1
2022-04-13 09:00:00,943.6
2022-04-13 10:00:00,936.5
2022-04-13 11:00:00,936.5
2022-04-13 12:00:00,936.5
2022-04-13 13:00:00,936.5
2022-04-13 14:00:00,939.2
2022-04-13 15:00:00,939.2
2022-04-13 16:00:00,942.4
2022-04-13 17:00:00,942.4
2022-04-13 18:00:00,942.4
2022-04-13 19:00:00,942.4
2022-04-13 20:00:00,942.4
2022-04-13 21:00:00,942.4
2022-04-14 08:00:00,949.6
2022-04-14 09:00:00,949.6
2022-04-14 10:00:00,949.6
2022-04-14 11:00:00,948.6
2022-04-14 12:00:00,952.9
2022-04-14 13:00:00,953.7
2022-04-14 14:00:00,953.7
2022-04-14 15:00:00,953.7
2022-04-14 16:00:00,957.4
2022-04-14 17:00:00,957.4
2022-04-14 18:00:00,957.4
2022-04-14 19:00:00,957.4
2022-04-14 20:00:00,957.4
2022-04-14 21:00:00,957.4
2022-04-14 23:00:00,957.2
2022-04-19 16:00:00,948.3000000000001
2022-04-19 17:00:00,948.3000000000001
2022-04-19 18:00:00,948.3000000000001
2022-04-19 19:00:00,948.3000000000001
2022-04-19 20:00:00,948.3000000000001
2022-04-19 21:00:00,948.3000000000001
2022-04-20 08:00:00,950.5
2022-04-20 09:00:00,949.4
2022-04-20 10:00:00,949.4
2022-04-20 11:00:00,955.0
2022-04-20 12:00:00,955.0
2022-04-20 13:00:00,955.0
2022-04-20 14:00:00,955.0
2022-04-20 15:00:00,958.2
2022-04-20 16:00:00,958.5
2022-04-20 17:00:00,958.5
2022-04-20 18:00:00,958.5
2022-04-20 19:00:00,958.5
2022-04-20 20:00:00,958.5
2022-04-20 21:00:00,958.5
2022-04-21 10:00:00,963.4
2022-04-21 11:00:00,963.4
2022-04-21 12:00:00,963.4
2022-04-21 13:00:00,963.4
2022-04-21 14:00:00,970.6
2022-04-21 15:00:00,970.6
2022-04-21 16:00:00,970.6
2022-04-21 17:00:00,970.6
2022-04-21 18:00:00,970.6
2022-04-21 19:00:00,970.6
2022-04-21 20:00:00,970.6
2022-04-21 21:00:00,970.6
2022-04-22 08:00:00,954.4
2022-04-22 09:00:00,954.4
2022-04-22 10:00:00,954.4
2022-04-22 11:00:00,958.7
2022-04-22 12:00:00,958.7
2022-04-22 13:00:00,958.7
2022-04-22 14:00:00,958.7
2022-04-22 15:00:00,956.1
2022-04-22 16:00:00,955.5
2022-04-22 17:00:00,955.5
2022-04-22 18:00:00,955.5
2022-04-22 19:00:00,955.5
2022-04-22 20:00:00,955.5
2022-04-22 21:00:00,955.5
2022-04-25 08:00:00,934.5
2022-04-25 09:00:00,926.3000000000001
2022-04-25 10:00:00,926.3000000000001
2022-04-25 11:00:00,926.3000000000001
2022-04-25 12:00:00,931.4
2022-04-25 13:00:00,931.4
2022-04-25 14:00:00,936.8000000000001
2022-04-25 15:00:00,934.9
2022-04-25 16:00:00,932.4
2022-04-25 17:00:00,932.4
2022-04-25 18:00:00,932.4
2022-04-25 19:00:00,932.4
2022-04-25 20:00:00,932.4
2022-04-25 21:00:00,932.4
2022-04-26 08:00:00,936.4
2022-04-26 09:00:00,936.4
2022-04-26 10:00:00,941.1
2022-04-26 11:00:00,941.1
2022-04-26 12:00:00,943.4
2022-04-26 13:00:00,940.1
2022-04-26 14:00:00,937.1
2022-04-26 15:00:00,933.2
2022-04-26 16:00:00,927.2
2022-04-26 17:00:00,927.2
2022-04-26 18:00:00,927.2
2022-04-26 19:00:00,927.2
2022-04-26 20:00:00,927.2
2022-04-26 21:00:00,927.2
2022-04-27 08:00:00,924.0
2022-04-27 09:00:00,930.4
2022-04-27 10:00:00,930.4
2022-04-27 11:00:00,934.5
2022-04-27 12:00:00,930.8000000000001
2022-04-27 13:00:00,930.8000000000001
2022-04-27 14:00:00,930.8000000000001
2022-04-27 15:00:00,929.6
2022-04-27 16:00:00,930.1
2022-04-27 17:00:00,930.1
2022-04-27 18:00:00,930.1
2022-04-27 19:00:00,930.1
2022-04-27 20:00:00,930.1
2022-04-27 21:00:00,930.1
2022-04-28 08:00:00,940.6
2022-04-28 09:00:00,940.6
2022-04-28 10:00:00,942.5
2022-04-28 11:00:00,941.0
2022-04-28 12:00:00,941.0
2022-04-28 13:00:00,934.4
2022-04-28 14:00:00,936.5
2022-04-28 15:00:00,936.5
2022-04-28 16:00:00,936.5
2022-04-28 17:00:00,936.5
2022-04-28 18:00:00,936.5
2022-04-28 19:00:00,936.5
2022-04-28 20:00:00,936.5
2022-04-28 21:00:00,936.5
2022-04-29 08:00:00,958.6
2022-04-29 09:00:00,957.6
2022-04-29 10:00:00,957.6
2022-04-29 11:00:00,951.0
2022-04-29 12:00:00,951.0
2022-04-29 13:00:00,951.0
2022-04-29 14:00:00,954.0
2022-04-29 15:00:00,949.5
2022-04-29 16:00:00,951.9
2022-04-29 17:00:00,951.9
2022-04-29 18:00:00,951.9
2022-04-29 19:00:00,951.9
2022-04-29 20:00:00,951.9
2022-04-29 21:00:00,951.9
2022-05-02 08:00:00,936.5
2022-05-02 09:00:00,936.5
2022-05-02 10:00:00,936.5
2022-05-02 11:00:00,937.3000000000001
2022-05-02 12:00:00,937.3000000000001
2022-05-02 13:00:00,937.3000000000001
2022-05-02 14:00:00,937.3000000000001
2022-05-02 15:00:00,937.3000000000001
2022-05-02 16:00:00,939.1
2022-05-02 17:00:00,939.1
2022-05-02 18:00:00,939.1
2022-05-02 19:00:00,939.1
2022-05-02 20:00:00,939.1
2022-05-02 21:00:00,939.1
2022-05-03 08:00:00,940.4
2022-05-03 09:00:00,939.1
2022-05-03 10:00:00,938.2
2022-05-03 11:00:00,930.2
2022-05-03 12:00:00,930.2
2022-05-03 13:00:00,930.2
2022-05-03 14:00:00,930.2
2022-05-03 15:00:00,930.2
2022-05-03 16:00:00,927.4
2022-05-03 17:00:00,927.4
2022-05-03 18:00:00,927.4
2022-05-03 19:00:00,927.4
2022-05-03 20:00:00,927.4
2022-05-03 21:00:00,927.4
2022-05-04 08:00:00,926.2
2022-05-04 09:00:00,924.5
2022-05-04 10:00:00,924.5
2022-05-04 11:00:00,924.5
2022-05-04 12:00:00,924.5
2022-05-04 13:00:00,924.5
2022-05-04 14:00:00,924.5
2022-05-04 15:00:00,923.6
2022-05-04 16:00:00,923.6
2022-05-04 17:00:00,923.6
2022-05-04 18:00:00,923.6
2022-05-04 19:00:00,923.6
2022-05-04 20:00:00,923.6
2022-05-04 21:00:00,923.6
2022-05-05 08:00:00,928.9
2022-05-05 09:00:00,926.6
2022-05-05 10:00:00,925.7
2022-05-05 11:00:00,928.9
2022-05-05 12:00:00,928.7
2022-05-05 13:00:00,928.7
2022-05-05 14:00:00,922.6
2022-05-05 15:00:00,910.5
2022-05-05 16:00:00,904.7
2022-05-05 17:00:00,904.7
2022-05-05 18:00:00,904.7
2022-05-05 19:00:00,904.7
2022-05-05 20:00:00,904.7
2022-05-05 21:00:00,904.7
2022-05-06 08:00:00,890.3000000000001
2022-05-06 09:00:00,888.2
2022-05-06 10:00:00,885.7
2022-05-06 11:00:00,889.2
2022-05-06 12:00:00,889.2
2022-05-06 13:00:00,887.9
2022-05-06 14:00:00,877.9
2022-05-06 15:00:00,877.7
2022-05-06 16:00:00,886.7
2022-05-06 17:00:00,886.7
2022-05-06 18:00:00,886.7
2022-05-06 19:00:00,886.7
2022-05-06 20:00:00,886.7
2022-05-06 21:00:00,886.7
2022-05-09 14:00:00,871.8000000000001
2022-05-09 15:00:00,871.8000000000001
2022-05-09 16:00:00,866.1
2022-05-09 17:00:00,866.1
2022-05-09 18:00:00,866.1
2022-05-09 19:00:00,866.1
2022-05-09 20:00:00,866.1
2022-05-09 21:00:00,866.1
2022-05-10 08:00:00,877.5
2022-05-10 09:00:00,877.5
2022-05-10 10:00:00,877.5
2022-05-10 11:00:00,877.5
2022-05-10 12:00:00,877.5
2022-05-10 13:00:00,887.6
2022-05-10 14:00:00,887.6
2022-05-10 15:00:00,887.6
2022-05-10 16:00:00,878.7
2022-05-10 17:00:00,878.7
2022-05-10 18:00:00,878.7
2022-05-10 19:00:00,878.7
2022-05-10 20:00:00,878.7
2022-05-10 21:00:00,878.7
2022-05-11 09:00:00,891.9
2022-05-11 10:00:00,897.4
2022-05-11 11:00:00,898.6
2022-05-11 12:00:00,898.6
2022-05-11 13:00:00,886.0
2022-05-11 14:00:00,889.3000000000001
2022-05-11 15:00:00,897.6
2022-05-11 16:00:00,900.4
2022-05-11 17:00:00,900.4
2022-05-11 18:00:00,900.4
2022-05-11 19:00:00,900.4
2022-05-11 20:00:00,900.4
2022-05-11 21:00:00,900.4
2022-05-12 08:00:00,884.7
2022-05-12 09:00:00,879.2
2022-05-12 10:00:00,879.2
2022-05-12 11:00:00,879.2
2022-05-12 12:00:00,885.3000000000001
2022-05-12 13:00:00,885.3000000000001
2022-05-12 14:00:00,885.3000000000001
2022-05-12 15:00:00,885.3000000000001
2022-05-12 16:00:00,896.9
2022-05-12 17:00:00,896.9
2022-05-12 18:00:00,896.9
2022-05-12 19:00:00,896.9
2022-05-12 20:00:00,896.9
2022-05-12 21:00:00,896.9
2022-05-13 14:00:00,909.7
2022-05-13 15:00:00,914.9
2022-05-13 16:00:00,916.6
2022-05-13 17:00:00,916.6
2022-05-13 18:00:00,916.6
2022-05-13 19:00:00,916.6
2022-05-13 20:00:00,916.6
2022-05-13 21:00:00,916.6
2022-05-16 08:00:00,905.5
2022-05-16 09:00:00,910.9
2022-05-16 10:00:00,910.9
2022-05-16 11:00:00,909.8000000000001
2022-05-16 12:00:00,909.8000000000001
2022-05-16 13:00:00,910.3000000000001
2022-05-16 14:00:00,909.2
2022-05-16 15:00:00,909.2
2022-05-16 16:00:00,913.9
2022-05-16 17:00:00,913.9
2022-05-16 18:00:00,913.9
2022-05-16 19:00:00,913.9
2022-05-16 20:00:00,913.9
2022-05-16 21:00:00,913.9
2022-05-17 08:00:00,926.1
2022-05-17 09:00:00,926.1
2022-05-17 10:00:00,926.1
2022-05-17 11:00:00,926.1
2022-05-17 12:00:00,928.6
2022-05-17 13:00:00,928.6
2022-05-17 14:00:00,928.6
2022-05-17 15:00:00,925.0
2022-05-17 16:00:00,923.8000000000001
2022-05-17 17:00:00,923.8000000000001
2022-05-17 18:00:00,923.8000000000001
2022-05-17 19:00:00,923.8000000000001
2022-05-17 20:00:00,923.8000000000001
2022-05-17 21:00:00,923.8000000000001
2022-05-18 09:00:00,919.9
2022-05-18 10:00:00,919.9
2022-05-18 11:00:00,919.9
2022-05-18 12:00:00,919.9
2022-05-18 13:00:00,919.9
2022-05-18 14:00:00,919.9
2022-05-18 15:00:00,919.9
2022-05-18 16:00:00,909.4
2022-05-18 17:00:00,909.4
2022-05-18 18:00:00,909.4
2022-05-18 19:00:00,909.4
2022-05-18 20:00:00,909.4
2022-05-18 21:00:00,909.4
2022-05-19 08:00:00,890.3000000000001
2022-05-19 09:00:00,890.3000000000001
2022-05-19 10:00:00,890.3000000000001
2022-05-19 11:00:00,890.3000000000001
2022-05-19 12:00:00,890.3000000000001
2022-05-19 13:00:00,890.3000000000001
2022-05-19 14:00:00,882.8000000000001
2022-05-19 15:00:00,882.8000000000001
2022-05-19 16:00:00,891.3000000000001
2022-05-19 17:00:00,891.3000000000001
2022-05-19 18:00:00,891.3000000000001
2022-05-19 19:00:00,891.3000000000001
2022-05-19 20:00:00,891.3000000000001
2022-05-19 21:00:00,891.3000000000001
2022-05-20 08:00:00,889.4
2022-05-20 09:00:00,889.4
2022-05-20 10:00:00,887.9
2022-05-20 11:00:00,889.8000000000001
2022-05-20 12:00:00,889.8000000000001
2022-05-20 13:00:00,889.8000000000001
2022-05-20 14:00:00,889.8000000000001
2022-05-20 15:00:00,889.8000000000001
2022-05-20 16:00:00,889.8000000000001
2022-05-20 17:00:00,889.8000000000001
2022-05-20 18:00:00,889.8000000000001
2022-05-20 19:00:00,889.8000000000001
2022-05-20 20:00:00,889.8000000000001
2022-05-20 21:00:00,889.8000000000001
2022-05-23 11:00:00,884.4
2022-05-23 12:00:00,884.4
2022-05-23 13:00:00,884.4
2022-05-23 14:00:00,884.4
2022-05-23 15:00:00,884.4
2022-05-23 16:00:00,884.4
2022-05-23 17:00:00,884.4
2022-05-23 18:00:00,884.4
2022-05-23 19:00:00,884.4
2022-05-23 20:00:00,884.4
2022-05-23 21:00:00,884.4
2022-05-24 08:00:00,878.8000000000001
2022-05-24 09:00:00,876.5
2022-05-24 10:00:00,876.5
2022-05-24 11:00:00,881.6
2022-05-24 12:00:00,883.2
2022-05-24 13:00:00,883.2
2022-05-24 14:00:00,881.5
2022-05-24 15:00:00,881.5
2022-05-24 16:00:00,881.5
2022-05-24 17:00:00,881.5
2022-05-24 18:00:00,881.5
2022-05-24 19:00:00,881.5
2022-05-24 20:00:00,881.5
2022-05-24 21:00:00,881.5
2022-05-25 10:00:00,879.5
2022-05-25 11:00:00,879.5
2022-05-25 12:00:00,879.5
2022-05-25 13:00:00,879.5
2022-05-25 14:00:00,877.4
2022-05-25 15:00:00,883.1
2022-05-25 16:00:00,884.9
2022-05-25 17:00:00,884.9
2022-05-25 18:00:00,884.9
2022-05-25 19:00:00,884.9
2022-05-25 20:00:00,884.9
2022-05-25 21:00:00,884.9
2022-05-25 23:00:00,884.9
2022-05-27 09:00:00,910.9
2022-05-27 10:00:00,909.9
2022-05-27 11:00:00,909.9
2022-05-27 12:00:00,909.9
2022-05-27 13:00:00,911.8000000000001
2022-05-27 14:00:00,915.8000000000001
2022-05-27 15:00:00,918.2
2022-05-27 16:00:00,915.3000000000001
2022-05-27 17:00:00,915.3000000000001
2022-05-27 18:00:00,915.3000000000001
2022-05-27 19:00:00,915.3000000000001
2022-05-27 20:00:00,915.3000000000001
2022-05-27 21:00:00,915.3000000000001
2022-05-30 11:00:00,932.2
2022-05-30 12:00:00,932.2
2022-05-30 13:00:00,932.2
2022-05-30 14:00:00,932.2
2022-05-30 15:00:00,932.2
2022-05-30 16:00:00,930.3000000000001
2022-05-30 17:00:00,930.3000000000001
2022-05-30 18:00:00,930.3000000000001
2022-05-30 19:00:00,930.3000000000001
2022-05-30 20:00:00,930.3000000000001
2022-05-30 21:00:00,930.3000000000001
2022-05-31 08:00:00,934.3000000000001
2022-05-31 09:00:00,934.3000000000001
2022-05-31 10:00:00,934.3000000000001
2022-05-31 11:00:00,934.3000000000001
2022-05-31 12:00:00,934.3000000000001
2022-05-31 13:00:00,932.4
2022-05-31 14:00:00,932.4
2022-05-31 15:00:00,934.1
2022-05-31 16:00:00,932.6
2022-05-31 17:00:00,932.6
2022-05-31 18:00:00,932.6
2022-05-31 19:00:00,932.6
2022-05-31 20:00:00,932.6
2022-05-31 21:00:00,932.6
2022-06-01 08:00:00,938.0
2022-06-01 09:00:00,938.0
2022-06-01 10:00:00,940.5
2022-06-01 11:00:00,940.5
2022-06-01 12:00:00,939.2
2022-06-01 13:00:00,939.2
2022-06-01 14:00:00,940.6
2022-06-01 15:00:00,940.6
2022-06-01 16:00:00,940.6
2022-06-01 17:00:00,940.6
2022-06-01 18:00:00,940.6
2022-06-01 19:00:00,940.6
2022-06-01 20:00:00,940.6
2022-06-01 21:00:00,940.6
2022-06-02 12:00:00,944.2
2022-06-02 13:00:00,943.4
2022-06-02 14:00:00,943.4
2022-06-02 15:00:00,943.4
2022-06-02 16:00:00,943.4
2022-06-02 17:00:00,943.4
2022-06-02 18:00:00,943.4
2022-06-02 19:00:00,943.4
2022-06-02 20:00:00,943.4
2022-06-02 21:00:00,943.4
2022-06-02 23:00:00,938.7
2022-06-06 16:00:00,950.4
2022-06-06 17:00:00,950.4
2022-06-06 18:00:00,950.4
2022-06-06 19:00:00,950.4
2022-06-06 20:00:00,950.4
2022-06-06 21:00:00,950.4
2022-06-07 14:00:00,936.0
2022-06-07 15:00:00,936.0
2022-06-07 16:00:00,940.6
2022-06-07 17:00:00,940.6
2022-06-07 18:00:00,940.6
2022-06-07 19:00:00,940.6
2022-06-07 20:00:00,940.6
2022-06-07 21:00:00,940.6
2022-06-08 16:00:00,932.3000000000001
2022-06-08 17:00:00,932.3000000000001
2022-06-08 18:00:00,932.3000000000001
2022-06-08 19:00:00,932.3000000000001
2022-06-08 20:00:00,932.3000000000001
2022-06-08 21:00:00,932.3000000000001
2022-06-09 08:00:00,925.3000000000001
2022-06-09 09:00:00,928.5
2022-06-09 10:00:00,930.2
2022-06-09 11:00:00,932.5
2022-06-09 12:00:00,928.2
2022-06-09 13:00:00,928.2
2022-06-09 14:00:00,928.2
2022-06-09 15:00:00,924.3000000000001
2022-06-09 16:00:00,923.9
2022-06-09 17:00:00,923.9
2022-06-09 18:00:00,923.9
2022-06-09 19:00:00,923.9
2022-06-09 20:00:00,923.9
2022-06-09 21:00:00,923.9
2022-06-09 23:00:00,
2022-06-10 09:00:00,909.4
2022-06-10 10:00:00,909.4
2022-06-10 11:00:00,908.7
2022-06-10 12:00:00,908.7
2022-06-10 13:00:00,908.7
2022-06-10 14:00:00,908.7
2022-06-10 15:00:00,904.5
2022-06-10 16:00:00,902.4
2022-06-10 17:00:00,902.4
2022-06-10 17:00:01,902.4
2022-06-10 17:00:02,902.4
2022-06-10 23:00:00,902.2
2022-06-13 23:00:00,881.6
2022-06-14 13:00:00,872.9
2022-06-14 23:00:00,869.6
2022-06-15 10:00:00,875.4
2022-06-15 13:00:00,876.7
2022-06-15 16:00:00,883.0
2022-06-15 23:00:00,883.0
2022-06-16 08:00:00,873.3
2022-06-16 10:00:00,862.9
2022-06-16 11:00:00,864.7
2022-06-16 12:00:00,864.5
2022-06-16 13:00:00,869.1
2022-06-16 14:00:00,866.0
2022-06-16 15:00:00,866.4
2022-06-16 16:00:00,866.9
2022-06-16 23:00:00,866.4
2022-06-17 09:00:00,870.4
2022-06-17 13:00:00,870.5
2022-06-17 14:00:00,871.4
2022-06-17 15:00:00,866.9
2022-06-17 16:00:00,862.5
2022-06-17 23:00:00,866.4
2022-06-20 08:00:00,869.9
2022-06-20 09:00:00,872.3
2022-06-20 10:00:00,868.4
2022-06-20 23:00:00,870.2
2022-06-21 08:00:00,874.7
2022-06-21 09:00:00,883.3
2022-06-21 10:00:00,885.0
2022-06-21 12:00:00,880.4
2022-06-21 16:00:00,878.0
2022-06-21 23:00:00,878.0
2022-06-22 08:00:00,867.6
2022-06-22 11:00:00,870.6
2022-06-22 12:00:00,870.3
2022-06-22 14:00:00,875.2
2022-06-22 15:00:00,878.2
2022-06-22 16:00:00,875.8
2022-06-22 23:00:00,876.2
2022-06-23 08:00:00,871.4
2022-06-23 15:00:00,887.8
2022-06-23 16:00:00,889.1
2022-06-23 23:00:00,887.7
2022-06-24 08:00:00,893.8
2022-06-24 09:00:00,897.4
2022-06-24 10:00:00,902.9
2022-06-24 11:00:00,904.2
2022-06-24 12:00:00,905.2
2022-06-24 13:00:00,905.6
2022-06-24 14:00:00,906.4
2022-06-24 15:00:00,914.3
2022-06-24 23:00:00,916.1
2022-06-27 08:00:00,920.2
2022-06-27 09:00:00,925.3
2022-06-27 11:00:00,912.6
2022-06-27 12:00:00,909.9
2022-06-27 16:00:00,911.0
2022-06-27 23:00:00,912.2
2022-06-28 08:00:00,913.2
2022-06-28 09:00:00,917.2
2022-06-28 10:00:00,922.7
2022-06-28 14:00:00,917.5
2022-06-28 16:00:00,916.9
2022-06-28 23:00:00,916.1
2022-06-29 08:00:00,913.3
2022-06-29 12:00:00,906.5
2022-06-29 15:00:00,915.8
2022-06-29 16:00:00,914.1
2022-06-29 23:00:00,914.7
2022-06-30 08:00:00,899.2
2022-06-30 15:00:00,901.6
2022-06-30 23:00:00,902.8
2022-07-01 11:00:00,902.5
2022-07-01 15:00:00,905.7
2022-07-01 16:00:00,906.3
2022-07-01 23:00:00,905.7
2022-07-04 08:00:00,912.2
2022-07-04 10:00:00,912.9
2022-07-04 11:00:00,912.9
2022-07-04 15:00:00,909.9
2022-07-04 16:00:00,911.5
2022-07-04 23:00:00,911.9
2022-07-05 08:00:00,915.5
2022-07-05 09:00:00,909.2
2022-07-05 10:00:00,907.8
2022-07-05 11:00:00,909.0
2022-07-05 12:00:00,908.4
2022-07-05 16:00:00,897.7
2022-07-05 23:00:00,896.3
2022-07-06 08:00:00,911.7
2022-07-06 11:00:00,918.0
2022-07-06 15:00:00,926.7
2022-07-06 16:00:00,927.0
2022-07-06 23:00:00,925.2
2022-07-07 08:00:00,934.3
2022-07-07 09:00:00,930.6
2022-07-07 13:00:00,930.5
2022-07-07 14:00:00,928.7
2022-07-07 16:00:00,929.1
2022-07-07 23:00:00,930.6
2022-07-08 09:00:00,924.5
2022-07-08 14:00:00,923.8
2022-07-08 16:00:00,928.2
2022-07-08 23:00:00,928.2
2022-07-11 08:00:00,914.3
2022-07-11 10:00:00,918.6
2022-07-11 16:00:00,923.1
2022-07-11 23:00:00,923.0
2022-07-12 09:00:00,922.5
2022-07-12 13:00:00,925.2
2022-07-12 14:00:00,927.9
2022-07-12 15:00:00,933.7
2022-07-12 16:00:00,938.4
2022-07-12 23:00:00,938.3
2022-07-13 08:00:00,937.8
2022-07-13 13:00:00,925.3
2022-07-13 16:00:00,933.9
2022-07-13 23:00:00,933.6
2022-07-14 09:00:00,927.6
2022-07-14 10:00:00,927.4
2022-07-14 12:00:00,931.2
2022-07-14 16:00:00,927.0
2022-07-14 23:00:00,926.4
2022-07-15 08:00:00,921.2
2022-07-15 10:00:00,920.1
2022-07-15 13:00:00,921.1
2022-07-15 14:00:00,922.3
2022-07-15 15:00:00,929.7
2022-07-15 16:00:00,934.0
2022-07-15 23:00:00,933.9
2022-07-18 10:00:00,944.5
2022-07-18 23:00:00,939.5
2022-07-19 08:00:00,934.2
2022-07-19 09:00:00,937.6
2022-07-19 10:00:00,938.7
2022-07-19 13:00:00,952.3
2022-07-19 14:00:00,952.1
2022-07-19 15:00:00,956.4
2022-07-19 16:00:00,962.7
2022-07-19 23:00:00,962.7
2022-07-20 08:00:00,961.1
2022-07-20 09:00:00,958.4
2022-07-20 11:00:00,957.8
2022-07-20 13:00:00,956.3
2022-07-20 15:00:00,955.5
2022-07-20 16:00:00,955.3
2022-07-20 23:00:00,955.1
2022-07-21 10:00:00,951.2
2022-07-21 11:00:00,952.0
2022-07-21 12:00:00,951.8
2022-07-21 13:00:00,954.6
2022-07-21 14:00:00,954.4
2022-07-21 16:00:00,958.9
2022-07-21 23:00:00,959.1
2022-07-22 08:00:00,960.6
2022-07-22 09:00:00,965.9
2022-07-22 10:00:00,965.9
2022-07-22 16:00:00,965.4
2022-07-22 23:00:00,965.6
2022-07-25 08:00:00,960.2
2022-07-25 12:00:00,968.8
2022-07-25 15:00:00,967.2
2022-07-25 16:00:00,969.5
2022-07-25 23:00:00,969.5
2022-07-26 08:00:00,969.4
2022-07-26 09:00:00,970.2
2022-07-26 14:00:00,968.1
2022-07-26 16:00:00,966.6
2022-07-26 23:00:00,966.5
2022-07-27 10:00:00,973.3
2022-07-27 11:00:00,972.2
2022-07-27 16:00:00,970.9
2022-07-27 23:00:00,971.4
2022-07-28 09:00:00,972.8
2022-07-28 14:00:00,978.6
2022-07-28 15:00:00,978.8
2022-07-28 16:00:00,983.5
2022-07-28 23:00:00,986.5
2022-07-29 08:00:00,995.4
2022-07-29 09:00:00,993.7
2022-07-29 10:00:00,994.8
2022-07-29 11:00:00,992.7
2022-07-29 12:00:00,995.3
2022-07-29 13:00:00,997.0
2022-07-29 14:00:00,999.1
2022-07-29 15:00:00,999.5
2022-07-29 16:00:00,1000.0
2022-07-29 23:00:00,1000.4
2022-08-01 08:00:00,996.7
2022-08-01 13:00:00,1002.4
2022-08-01 15:00:00,1008.3
2022-08-01 16:00:00,1005.7
2022-08-01 23:00:00,1006.0
2022-08-02 08:00:00,998.7
2022-08-02 09:00:00,996.8
2022-08-02 10:00:00,996.2
2022-08-02 11:00:00,994.6
2022-08-02 13:00:00,998.2
2022-08-02 14:00:00,998.3
2022-08-02 15:00:00,996.9
2022-08-02 23:00:00,997.5
2022-08-03 08:00:00,995.9
2022-08-03 11:00:00,997.3
2022-08-03 14:00:00,996.9
2022-08-03 16:00:00,1004.5
2022-08-03 23:00:00,1003.3
2022-08-04 08:00:00,1008.0
2022-08-04 09:00:00,1008.3
2022-08-04 10:00:00,1007.0
2022-08-04 13:00:00,1010.0
2022-08-04 15:00:00,1005.9
2022-08-04 16:00:00,1009.5
2022-08-04 23:00:00,1008.7
2022-08-05 08:00:00,1011.1
2022-08-05 10:00:00,1004.0
2022-08-05 14:00:00,999.3
2022-08-05 23:00:00,995.0
2022-08-08 08:00:00,1003.3
2022-08-08 15:00:00,1009.3
2022-08-08 23:00:00,1006.8
2022-08-09 10:00:00,1002.7
2022-08-09 13:00:00,1000.3
2022-08-09 14:00:00,998.1
2022-08-09 15:00:00,996.4
2022-08-09 23:00:00,995.5
2022-08-10 15:00:00,1000.3
2022-08-10 16:00:00,1005.6
2022-08-10 23:00:00,1004.5
2022-08-11 23:00:00,1005.5
2022-08-12 11:00:00,1004.2
2022-08-12 23:00:00,1004.7
2022-08-15 09:00:00,1006.0
2022-08-15 13:00:00,1006.0
2022-08-15 23:00:00,1011.5
2022-08-16 08:00:00,1011.8
2022-08-16 09:00:00,1011.1
2022-08-16 12:00:00,1009.2
2022-08-16 13:00:00,1008.8
2022-08-16 14:00:00,1006.0
2022-08-16 15:00:00,1006.9
2022-08-16 16:00:00,1011.2
2022-08-16 23:00:00,1010.8
2022-08-17 10:00:00,1014.9
2022-08-17 13:00:00,1013.9
2022-08-17 16:00:00,1010.0
2022-08-17 23:00:00,1009.5
2022-08-18 09:00:00,1008.8
2022-08-18 12:00:00,1009.2
2022-08-18 15:00:00,1009.5
2022-08-18 16:00:00,1012.8
2022-08-18 23:00:00,1011.7
2022-08-19 08:00:00,1009.5
2022-08-19 11:00:00,1011.7
2022-08-19 16:00:00,1007.9
2022-08-19 23:00:00,1006.7
2022-08-22 09:00:00,995.0
2022-08-22 14:00:00,999.7
2022-08-22 16:00:00,998.1
2022-08-22 23:00:00,997.2
2022-08-23 07:00:00,995.0
2022-08-23 08:00:00,995.6
2022-08-23 10:00:00,996.0
2022-08-23 14:00:00,989.0
2022-08-23 15:00:00,988.6
2022-08-23 23:00:00,986.5
2022-08-24 08:00:00,988.3
2022-08-24 09:00:00,994.5
2022-08-24 14:00:00,996.7
2022-08-24 15:00:00,999.4
2022-08-24 16:00:00,999.3
2022-08-24 23:00:00,1000.4
2022-08-25 08:00:00,1000.5
2022-08-25 09:00:00,1002.5
2022-08-25 11:00:00,995.9
2022-08-25 12:00:00,998.3
2022-08-25 16:00:00,997.3
2022-08-25 23:00:00,998.3
2022-08-26 11:00:00,991.0
2022-08-26 12:00:00,992.9
2022-08-26 15:00:00,982.1
2022-08-26 23:00:00,976.1
2022-08-29 08:00:00,963.9
2022-08-29 09:00:00,961.1
2022-08-29 11:00:00,960.0
2022-08-29 14:00:00,966.6
2022-08-29 16:00:00,964.0
2022-08-29 23:00:00,966.8
2022-08-30 08:00:00,973.7
2022-08-30 09:00:00,982.2
2022-08-30 13:00:00,972.6
2022-08-30 14:00:00,972.9
2022-08-30 16:00:00,961.8
2022-08-30 23:00:00,962.7
2022-08-31 09:00:00,960.0
2022-08-31 13:00:00,963.1
2022-08-31 15:00:00,958.0
2022-08-31 16:00:00,952.2
2022-08-31 23:00:00,953.3
2022-09-01 08:00:00,936.8
2022-09-01 10:00:00,932.8
2022-09-01 13:00:00,935.0
2022-09-01 14:00:00,933.4
2022-09-01 16:00:00,929.9
2022-09-01 23:00:00,931.0
2022-09-02 08:00:00,937.0
2022-09-02 09:00:00,936.2
2022-09-02 10:00:00,931.5
2022-09-02 11:00:00,931.7
2022-09-02 13:00:00,935.1
2022-09-02 16:00:00,942.3
2022-09-02 23:00:00,942.7
2022-09-05 08:00:00,929.4
2022-09-05 12:00:00,931.4
2022-09-05 14:00:00,935.4
2022-09-05 23:00:00,937.7
2022-09-06 08:00:00,941.8
2022-09-06 15:00:00,943.3
2022-09-06 16:00:00,943.4
2022-09-06 23:00:00,944.2
2022-09-07 08:00:00,937.9
2022-09-07 10:00:00,938.1
2022-09-07 13:00:00,935.6
2022-09-07 16:00:00,942.3
2022-09-07 23:00:00,943.4
2022-09-08 08:00:00,940.1
2022-09-08 14:00:00,931.3
2022-09-08 15:00:00,942.2
2022-09-08 16:00:00,939.9
2022-09-08 23:00:00,940.9
2022-09-09 08:00:00,944.4
2022-09-09 13:00:00,956.6
2022-09-09 14:00:00,955.6
2022-09-09 16:00:00,954.9
2022-09-09 23:00:00,955.9
2022-09-12 09:00:00,962.3
2022-09-12 11:00:00,959.4
2022-09-12 16:00:00,
2022-09-12 23:00:00,969.2
2022-09-13 09:00:00,977.4
2022-09-13 14:00:00,964.1
2022-09-13 16:00:00,955.1
2022-09-13 16:00:01,955.1
2022-09-13 16:00:02,955.1
2022-09-13 23:00:00,958.1
2022-09-14 12:00:00,949.7
2022-09-14 15:00:00,948.5
2022-09-14 16:00:00,949.0
2022-09-14 23:00:00,949.7
2022-09-15 12:00:00,945.5
2022-09-15 15:00:00,936.0
2022-09-15 23:00:00,937.1
2022-09-16 09:00:00,923.8000000000001
2022-09-16 16:00:00,920.7
2022-09-16 23:00:00,923.1
2022-09-19 08:00:00,910.1
2022-09-19 23:00:00,927.3000000000001
2022-09-20 08:00:00,940.1
2022-09-20 13:00:00,923.5
2022-09-20 15:00:00,923.4
2022-09-20 16:00:00,923.8000000000001
2022-09-20 23:00:00,923.4
2022-09-21 08:00:00,921.4
2022-09-21 16:00:00,934.8000000000001
2022-09-21 23:00:00,935.7
2022-09-22 08:00:00,930.0
2022-09-22 09:00:00,931.3000000000001
2022-09-22 10:00:00,927.7
2022-09-22 11:00:00,929.9
2022-09-22 12:00:00,928.2
2022-09-22 13:00:00,930.9
2022-09-22 14:00:00,921.4
2022-09-22 15:00:00,918.7
2022-09-22 16:00:00,915.8000000000001
2022-09-22 23:00:00,915.2
2022-09-23 08:00:00,914.3000000000001
2022-09-23 10:00:00,901.1
2022-09-23 11:00:00,894.7
2022-09-23 12:00:00,893.6
2022-09-23 13:00:00,900.2
2022-09-23 16:00:00,892.6
2022-09-23 23:00:00,890.6
2022-09-26 08:00:00,899.7
2022-09-26 10:00:00,888.7
2022-09-26 11:00:00,890.8000000000001
2022-09-26 12:00:00,891.3000000000001
2022-09-26 14:00:00,897.0
2022-09-26 16:00:00,894.4
2022-09-26 23:00:00,895.2
2022-09-27 08:00:00,907.9
2022-09-27 10:00:00,897.8000000000001
2022-09-27 15:00:00,898.2
2022-09-27 16:00:00,889.5
2022-09-27 23:00:00,890.4
2022-09-28 10:00:00,879.9
2022-09-28 11:00:00,889.0
2022-09-28 12:00:00,880.1
2022-09-28 13:00:00,882.9
2022-09-28 15:00:00,893.9
2022-09-28 16:00:00,893.3000000000001
2022-09-28 23:00:00,894.5
2022-09-29 08:00:00,882.8000000000001
2022-09-29 09:00:00,883.5
2022-09-29 10:00:00,887.0
2022-09-29 11:00:00,888.3000000000001
2022-09-29 12:00:00,888.5
2022-09-29 13:00:00,888.9
2022-09-29 14:00:00,883.0
2022-09-29 15:00:00,882.7
2022-09-29 16:00:00,889.2
2022-09-29 23:00:00,883.7
2022-09-30 08:00:00,888.6
2022-09-30 11:00:00,882.6
2022-09-30 12:00:00,882.2
2022-09-30 15:00:00,883.7
2022-09-30 16:00:00,886.4
2022-09-30 23:00:00,886.6
2022-10-03 08:00:00,874.1
2022-10-03 09:00:00,876.8000000000001
2022-10-03 10:00:00,877.0
2022-10-03 16:00:00,889.2
2022-10-03 23:00:00,888.1
2022-10-04 08:00:00,908.8000000000001
2022-10-04 09:00:00,912.4
2022-10-04 10:00:00,915.2
2022-10-04 11:00:00,917.3000000000001
2022-10-04 12:00:00,917.1
2022-10-04 13:00:00,915.7
2022-10-04 14:00:00,913.2
2022-10-04 15:00:00,914.3000000000001
2022-10-04 23:00:00,918.9
2022-10-05 08:00:00,919.8000000000001
2022-10-05 14:00:00,912.4
2022-10-05 16:00:00,907.2
2022-10-05 23:00:00,908.5
2022-10-06 08:00:00,919.9
2022-10-06 12:00:00,913.3000000000001
2022-10-06 16:00:00,908.0
2022-10-06 23:00:00,907.1
2022-10-07 16:00:00,894.4
2022-10-07 23:00:00,894.3000000000001
2022-10-10 08:00:00,884.6
2022-10-10 23:00:00,889.4
2022-10-11 08:00:00,882.3000000000001
2022-10-11 10:00:00,883.5
2022-10-11 11:00:00,886.0
2022-10-11 23:00:00,890.6
2022-10-12 11:00:00,898.5
2022-10-12 16:00:00,894.5
2022-10-12 23:00:00,895.4
2022-10-13 12:00:00,894.0
2022-10-13 13:00:00,877.7
2022-10-13 23:00:00,891.9
2022-10-14 08:00:00,897.3000000000001
2022-10-14 14:00:00,910.5
2022-10-14 16:00:00,898.0
2022-10-14 23:00:00,898.8000000000001
2022-10-17 11:00:00,905.5
2022-10-17 12:00:00,903.2
2022-10-17 23:00:00,911.6
2022-10-18 08:00:00,913.7
2022-10-18 14:00:00,917.3000000000001
2022-10-18 16:00:00,913.1
2022-10-18 23:00:00,911.4
2022-10-19 11:00:00,910.4
2022-10-19 16:00:00,903.1
2022-10-19 23:00:00,903.8000000000001
2022-10-20 08:00:00,910.7
2022-10-20 16:00:00,908.8000000000001
2022-10-20 23:00:00,910.1
2022-10-21 08:00:00,891.8000000000001
2022-10-21 12:00:00,891.0
2022-10-21 13:00:00,888.0
2022-10-21 14:00:00,896.4
2022-10-21 23:00:00,897.9
2022-10-24 11:00:00,905.5
2022-10-24 13:00:00,906.6
2022-10-24 14:00:00,907.1
2022-10-24 15:00:00,901.6
2022-10-24 16:00:00,902.1
2022-10-24 23:00:00,901.9
2022-10-25 10:00:00,909.5
2022-10-25 11:00:00,909.3000000000001
2022-10-25 12:00:00,908.3000000000001
2022-10-25 13:00:00,904.1
2022-10-25 14:00:00,914.3000000000001
2022-10-25 15:00:00,917.3000000000001
2022-10-25 16:00:00,921.9
2022-10-25 23:00:00,921.7
2022-10-26 10:00:00,915.3000000000001
2022-10-26 12:00:00,915.1
2022-10-26 13:00:00,912.2
2022-10-26 15:00:00,915.6
2022-10-26 16:00:00,921.1
2022-10-26 23:00:00,921.2
2022-10-27 08:00:00,917.3000000000001
2022-10-27 11:00:00,915.4
2022-10-27 15:00:00,914.6
2022-10-27 23:00:00,916.7
2022-10-28 08:00:00,907.9
2022-10-28 16:00:00,911.7
2022-10-28 23:00:00,912.4
2022-10-31 08:00:00,912.1
2022-10-31 09:00:00,909.6
2022-10-31 14:00:00,913.6
2022-10-31 15:00:00,913.3000000000001
2022-10-31 16:00:00,914.6
2022-10-31 23:00:00,913.5
2022-11-01 14:00:00,925.5
2022-11-01 16:00:00,921.0
2022-11-01 23:00:00,920.4
2022-11-02 09:00:00,922.9
2022-11-02 12:00:00,908.3000000000001
2022-11-02 13:00:00,905.7
2022-11-02 15:00:00,907.3000000000001
2022-11-02 16:00:00,905.3000000000001
2022-11-02 23:00:00,905.9
2022-11-03 14:00:00,895.6
2022-11-03 15:00:00,894.1
2022-11-03 16:00:00,896.4
2022-11-03 23:00:00,896.5
2022-11-04 08:00:00,910.0
2022-11-04 09:00:00,913.4
2022-11-04 11:00:00,918.5
2022-11-04 13:00:00,929.9
2022-11-04 14:00:00,935.3000000000001
2022-11-04 15:00:00,927.1
2022-11-04 16:00:00,931.5
2022-11-04 23:00:00,931.8000000000001
2022-11-07 08:00:00,929.8000000000001
2022-11-07 12:00:00,933.2
2022-11-07 13:00:00,930.4
2022-11-07 23:00:00,929.3000000000001
2022-11-08 09:00:00,928.0
2022-11-08 10:00:00,928.4
2022-11-08 11:00:00,929.0
2022-11-08 12:00:00,931.2
2022-11-08 13:00:00,931.7
2022-11-08 14:00:00,933.9
2022-11-08 23:00:00,935.9
2022-11-09 08:00:00,930.6
2022-11-09 11:00:00,935.3000000000001
2022-11-09 15:00:00,935.1
2022-11-09 23:00:00,936.3000000000001
2022-11-10 08:00:00,933.3000000000001
2022-11-10 09:00:00,933.6
2022-11-10 10:00:00,932.0
2022-11-10 11:00:00,937.1
2022-11-10 13:00:00,938.5
2022-11-10 16:00:00,955.3000000000001
2022-11-10 23:00:00,961.9
2022-11-11 07:00:00,973.4
2022-11-11 08:00:00,979.4
2022-11-11 09:00:00,972.7
2022-11-11 12:00:00,965.5
2022-11-11 13:00:00,965.0
2022-11-11 23:00:00,971.4
2022-11-14 08:00:00,973.0
2022-11-14 09:00:00,975.8000000000001
2022-11-14 11:00:00,974.1
2022-11-14 15:00:00,980.5
2022-11-14 16:00:00,971.4
2022-11-14 23:00:00,971.6
2022-11-15 08:00:00,976.0
2022-11-15 12:00:00,979.6
2022-11-15 13:00:00,979.4
2022-11-15 14:00:00,976.1
2022-11-15 23:00:00,972.0
2022-11-16 08:00:00,974.5
2022-11-16 14:00:00,968.0
2022-11-16 15:00:00,969.1
2022-11-16 16:00:00,970.1
2022-11-16 23:00:00,970.1
2022-11-17 08:00:00,974.7
2022-11-17 11:00:00,969.1
2022-11-17 12:00:00,971.7
2022-11-17 13:00:00,965.7
2022-11-17 23:00:00,970.5
2022-11-18 12:00:00,979.4
2022-11-18 23:00:00,980.1
2022-11-21 08:00:00,980.1
2022-11-21 16:00:00,984.5
2022-11-21 23:00:00,983.0
2022-11-22 08:00:00,980.9
2022-11-22 10:00:00,976.9
2022-11-22 13:00:00,977.2
2022-11-22 14:00:00,979.7
2022-11-22 23:00:00,982.0
2022-11-23 11:00:00,983.6
2022-11-23 12:00:00,983.5
2022-11-23 14:00:00,987.7
2022-11-23 15:00:00,988.1
2022-11-23 16:00:00,993.1
2022-11-23 23:00:00,991.6
2022-11-24 08:00:00,989.8000000000001
2022-11-24 12:00:00,992.9
2022-11-24 23:00:00,993.3000000000001
2022-11-25 08:00:00,991.2
2022-11-25 09:00:00,989.6
2022-11-25 11:00:00,991.9
2022-11-25 13:00:00,992.8000000000001
2022-11-25 23:00:00,990.6
2022-11-28 23:00:00,992.6
2022-11-29 23:00:00,990.6
2022-11-30 08:00:00,997.4
2022-11-30 15:00:00,1012.1
2022-11-30 16:00:00,1013.0
2022-11-30 23:00:00,1013.1
2022-12-01 08:00:00,1016.4
2022-12-01 10:00:00,1015.3000000000001
2022-12-01 12:00:00,1018.6
2022-12-01 13:00:00,1019.0
2022-12-01 14:00:00,1017.7
2022-12-01 15:00:00,1014.8000000000001
2022-12-01 16:00:00,1016.6
2022-12-01 23:00:00,1015.5
2022-12-02 10:00:00,1017.0
2022-12-02 23:00:00,1015.4
2022-12-05 08:00:00,1016.1
2022-12-05 11:00:00,1009.6
2022-12-05 12:00:00,1008.0
2022-12-05 23:00:00,1009.1
2022-12-06 11:00:00,1007.9
2022-12-06 12:00:00,1008.7
2022-12-06 13:00:00,1007.8000000000001
2022-12-06 14:00:00,1008.5
2022-12-06 15:00:00,1008.2
2022-12-06 16:00:00,1009.3000000000001
2022-12-06 23:00:00,1008.6
2022-12-07 10:00:00,1001.8000000000001
2022-12-07 13:00:00,1003.1
2022-12-07 14:00:00,1002.9
2022-12-07 15:00:00,1006.1
2022-12-07 16:00:00,1004.7
2022-12-07 23:00:00,1003.1
2022-12-08 08:00:00,1001.2
2022-12-08 16:00:00,1001.1
2022-12-08 23:00:00,1000.7
2022-12-09 13:00:00,1007.0
2022-12-09 16:00:00,1003.1
2022-12-09 23:00:00,1003.4
2022-12-12 08:00:00,
2022-12-12 11:00:00,
2022-12-12 11:00:01,1002.3000000000001
2022-12-12 11:00:02,1002.3000000000001
2022-12-12 23:00:00,999.1000000000001
2022-12-13 12:00:00,1004.4000000000001
2022-12-13 14:00:00,1018.4000000000001
2022-12-13 15:00:00,1007.2
2022-12-13 16:00:00,1005.7
2022-12-13 23:00:00,1007.3000000000001
2022-12-14 13:00:00,1009.3000000000001
2022-12-14 14:00:00,1011.3000000000001
2022-12-14 15:00:00,1012.5000000000001
2022-12-14 16:00:00,1012.3000000000001
2022-12-14 23:00:00,1012.0000000000001
2022-12-15 08:00:00,996.9000000000001
2022-12-15 09:00:00,992.6000000000001
2022-12-15 10:00:00,995.5000000000001
2022-12-15 23:00:00,976.6000000000001
2022-12-16 10:00:00,965.6000000000001
2022-12-16 13:00:00,966.3000000000001
2022-12-16 16:00:00,971.3000000000001
2022-12-16 23:00:00,972.1000000000001
2022-12-19 08:00:00,973.6000000000001
2022-12-19 12:00:00,972.5000000000001
2022-12-19 16:00:00,973.1000000000001
2022-12-19 23:00:00,973.0000000000001
2022-12-20 08:00:00,960.4000000000001
2022-12-20 09:00:00,963.9000000000001
2022-12-20 10:00:00,963.9000000000001
2022-12-20 12:00:00,964.2
2022-12-20 13:00:00,965.6000000000001
2022-12-20 14:00:00,963.1000000000001
2022-12-20 23:00:00,960.3000000000001
2022-12-21 10:00:00,970.2
2022-12-21 13:00:00,969.1000000000001
2022-12-21 14:00:00,972.8000000000001
2022-12-21 15:00:00,979.3000000000001
2022-12-21 16:00:00,978.9000000000001
2022-12-21 23:00:00,979.0000000000001
2022-12-22 08:00:00,982.5000000000001
2022-12-22 15:00:00,968.8000000000001
2022-12-22 23:00:00,967.9000000000001
2022-12-23 23:00:00,963.1000000000001
2022-12-27 23:00:00,975.1000000000001
2022-12-28 09:00:00,976.4000000000001
2022-12-28 13:00:00,977.4000000000001
2022-12-28 14:00:00,978.4000000000001
2022-12-28 15:00:00,975.6000000000001
2022-12-28 16:00:00,972.4000000000001
2022-12-28 23:00:00,973.6000000000001
2022-12-29 11:00:00,969.4000000000001
2022-12-29 12:00:00,969.8000000000001
2022-12-29 23:00:00,979.8000000000001
2022-12-30 23:00:00,960.4000000000001
2023-01-02 23:00:00,978.8000000000001
2023-01-03 23:00:00,991.2
2023-01-04 23:00:00,1017.4000000000001
2023-01-05 23:00:00,1013.1000000000001
2023-01-06 23:00:00,1027.6000000000001
2023-01-09 23:00:00,1037.1000000000001
2023-01-10 23:00:00,1026.8000000000002
2023-01-11 23:00:00,1034.3000000000002
2023-01-12 23:00:00,1040.4
2023-01-13 23:00:00,1048.5
2023-01-16 23:00:00,1055.0
2023-01-17 23:00:00,1058.8000000000002
2023-01-18 23:00:00,1055.2
2023-01-19 23:00:00,1040.4
2023-01-20 23:00:00,1043.0
2023-01-23 23:00:00,1050.1000000000001
2023-01-24 23:00:00,1048.2
2023-01-25 23:00:00,1043.8000000000002
2023-01-26 23:00:00,1050.0
2023-01-27 23:00:00,1051.8000000000002
2023-01-30 23:00:00,1056.6000000000001
2023-01-31 23:00:00,1057.3000000000002
2023-02-01 23:00:00,1049.6000000000001
2023-02-02 23:00:00,1065.8000000000002
2023-02-03 23:00:00,1076.7
2023-02-06 23:00:00,1064.3000000000002
2023-02-07 23:00:00,1054.4
2023-02-08 23:00:00,1052.2
2023-02-09 23:00:00,1060.7
2023-02-10 23:00:00,1046.9
2023-02-13 23:00:00,1068.6000000000001
2023-02-14 23:00:00,1069.7
2023-02-15 23:00:00,1077.0
2023-02-16 23:00:00,1080.2
2023-02-17 23:00:00,1075.1000000000001
2023-02-20 23:00:00,1070.9
2023-02-21 23:00:00,1073.9
2023-02-22 23:00:00,1075.7
2023-02-23 23:00:00,1074.1000000000001
2023-02-24 23:00:00,1057.7
2023-02-27 23:00:00,1067.9
2023-02-28 23:00:00,1062.0
2023-03-01 23:00:00,1053.7
2023-03-02 23:00:00,1065.4
2023-03-03 23:00:00,1073.1000000000001
2023-03-06 23:00:00,1072.4
2023-03-07 23:00:00,1066.7
2023-03-08 23:00:00,1065.9
2023-03-09 23:00:00,1063.8000000000002
2023-03-10 23:00:00,1054.1000000000001
2023-03-13 23:00:00,1035.0
2023-03-14 23:00:00,1049.5
2023-03-15 23:00:00,1027.1
2023-03-16 23:00:00,1051.9
2023-03-17 23:00:00,1034.2
2023-03-20 23:00:00,1050.4
2023-03-21 23:00:00,1056.7
2023-03-22 23:00:00,1065.2
2023-03-23 23:00:00,1065.7
2023-03-24 23:00:00,1065.0
2023-03-27 23:00:00,1073.2
2023-03-28 23:00:00,1068.4
2023-03-29 23:00:00,1079.5
2023-03-30 23:00:00,1087.5
2023-03-31 23:00:00,1101.7
2023-04-03 23:00:00,1100.5
2023-04-04 03:00:00,1102.8
2023-04-04 04:00:00,1102.8
2023-04-04 05:00:00,1102.8
2023-04-04 06:00:00,1102.8
2023-04-04 07:00:00,1102.8
2023-04-04 08:00:00,1102.8
2023-04-04 09:00:00,1102.8
2023-04-04 10:00:00,1102.8
2023-04-04 11:00:00,1102.8
2023-04-04 12:00:00,1102.8
2023-04-04 13:00:00,1102.8
2023-04-04 14:00:00,1102.8
2023-04-04 15:00:00,1102.8
2023-04-04 16:00:00,1102.8
2023-04-04 23:00:00,1104.7
2023-04-05 04:00:00,1103.1000000000001
2023-04-05 05:00:00,1103.1000000000001
2023-04-05 06:00:00,1103.1000000000001
2023-04-05 07:00:00,1106.8
2023-04-05 08:00:00,1106.8
2023-04-05 09:00:00,1106.8
2023-04-05 10:00:00,1104.0
2023-04-05 11:00:00,1104.1000000000001
2023-04-05 12:00:00,1104.1000000000001
2023-04-05 13:00:00,1104.1000000000001
2023-04-05 14:00:00,1104.1000000000001
2023-04-05 15:00:00,1104.1000000000001
2023-04-05 16:00:00,1104.1000000000001
2023-04-05 23:00:00,1104.1000000000001
2023-04-06 03:00:00,1097.5
2023-04-06 04:00:00,1097.6000000000001
2023-04-06 05:00:00,1097.6000000000001
2023-04-06 06:00:00,1095.2
2023-04-06 07:00:00,1095.2
2023-04-06 08:00:00,1095.2
2023-04-06 09:00:00,1095.2
2023-04-06 10:00:00,1092.1000000000001
2023-04-06 11:00:00,1091.2
2023-04-06 12:00:00,1091.2
2023-04-06 13:00:00,1091.2
2023-04-06 14:00:00,1091.2
2023-04-06 15:00:00,1091.2
2023-04-06 16:00:00,1091.2
2023-04-06 23:00:00,1091.5
2023-04-11 10:00:00,1100.5
2023-04-11 11:00:00,1100.5
2023-04-11 12:00:00,1100.5
2023-04-11 13:00:00,1100.5
2023-04-11 14:00:00,1100.5
2023-04-11 15:00:00,1100.5
2023-04-11 16:00:00,1100.5
2023-04-11 23:00:00,1100.7
2023-04-12 04:00:00,1098.4
2023-04-12 05:00:00,1098.4
2023-04-12 06:00:00,1098.4
2023-04-12 07:00:00,1098.4
2023-04-12 08:00:00,1101.2
2023-04-12 09:00:00,1096.1000000000001
2023-04-12 10:00:00,1094.6000000000001
2023-04-12 11:00:00,1101.1000000000001
2023-04-12 12:00:00,1101.1000000000001
2023-04-12 13:00:00,1101.1000000000001
2023-04-12 14:00:00,1101.1000000000001
2023-04-12 15:00:00,1101.1000000000001
2023-04-12 16:00:00,1101.1000000000001
2023-04-12 23:00:00,1094.3
2023-04-13 03:00:00,1116.1000000000001
2023-04-13 04:00:00,1116.1000000000001
2023-04-13 05:00:00,1115.7
2023-04-13 06:00:00,1115.7
2023-04-13 07:00:00,1115.7
2023-04-13 08:00:00,1115.7
2023-04-13 09:00:00,1115.7
2023-04-13 10:00:00,1115.7
2023-04-13 11:00:00,1118.7
2023-04-13 12:00:00,1118.7
2023-04-13 13:00:00,1118.7
2023-04-13 14:00:00,1118.7
2023-04-13 15:00:00,1118.7
2023-04-13 16:00:00,1118.7
2023-04-13 23:00:00,1119.9
2023-04-14 06:00:00,1127.4
2023-04-14 07:00:00,1127.4
2023-04-14 08:00:00,1125.6000000000001
2023-04-14 09:00:00,1125.6000000000001
2023-04-14 10:00:00,1129.6000000000001
2023-04-14 11:00:00,1128.3
2023-04-14 12:00:00,1128.3
2023-04-14 13:00:00,1128.3
2023-04-14 14:00:00,1128.3
2023-04-14 15:00:00,1128.3
2023-04-14 16:00:00,1128.3
2023-04-14 23:00:00,1128.2
2023-04-17 05:00:00,1125.4
2023-04-17 06:00:00,1125.4
2023-04-17 07:00:00,1125.4
2023-04-17 08:00:00,1125.4
2023-04-17 09:00:00,1125.4
2023-04-17 10:00:00,1125.4
2023-04-17 11:00:00,1121.6000000000001
2023-04-17 12:00:00,1121.6000000000001
2023-04-17 13:00:00,1121.6000000000001
2023-04-17 14:00:00,1121.6000000000001
2023-04-17 15:00:00,1121.6000000000001
2023-04-17 16:00:00,1121.6000000000001
2023-04-17 23:00:00,1121.6000000000001
2023-04-18 07:00:00,1129.5
2023-04-18 08:00:00,1131.0
2023-04-18 09:00:00,1131.0
2023-04-18 10:00:00,1131.0
2023-04-18 11:00:00,1127.4
2023-04-18 12:00:00,1127.4
2023-04-18 13:00:00,1127.4
2023-04-18 14:00:00,1127.4
2023-04-18 15:00:00,1127.4
2023-04-18 16:00:00,1127.4
2023-04-18 23:00:00,1127.8
2023-04-19 03:00:00,1131.8
2023-04-19 04:00:00,1128.7
2023-04-19 05:00:00,1128.7
2023-04-19 06:00:00,1128.7
2023-04-19 07:00:00,1128.7
2023-04-19 08:00:00,1133.8
2023-04-19 09:00:00,1134.8
2023-04-19 10:00:00,1135.9
2023-04-19 11:00:00,1133.9
2023-04-19 12:00:00,1133.9
2023-04-19 13:00:00,1133.9
2023-04-19 14:00:00,1133.9
2023-04-19 15:00:00,1133.9
2023-04-19 16:00:00,1133.9
2023-04-19 23:00:00,1133.9
2023-04-20 04:00:00,1133.3
2023-04-20 05:00:00,1134.4
2023-04-20 06:00:00,1134.4
2023-04-20 07:00:00,1134.4
2023-04-20 08:00:00,1134.4
2023-04-20 09:00:00,1134.4
2023-04-20 10:00:00,1134.4
2023-04-20 11:00:00,1134.4
2023-04-20 12:00:00,1134.4
2023-04-20 13:00:00,1134.4
2023-04-20 14:00:00,1134.4
2023-04-20 15:00:00,1134.4
2023-04-20 16:00:00,1134.4
2023-04-20 23:00:00,1142.0
2023-04-21 05:00:00,1142.0
2023-04-21 06:00:00,1142.0
2023-04-21 07:00:00,1142.0
2023-04-21 08:00:00,1142.0
2023-04-21 09:00:00,1142.0
2023-04-21 10:00:00,1142.0
2023-04-21 11:00:00,1144.2
2023-04-21 12:00:00,1144.2
2023-04-21 13:00:00,1144.2
2023-04-21 14:00:00,1144.2
2023-04-21 15:00:00,1144.2
2023-04-21 16:00:00,1144.2
2023-04-21 23:00:00,1147.0
2023-04-24 05:00:00,1149.7
2023-04-24 06:00:00,1149.7
2023-04-24 07:00:00,1149.7
2023-04-24 08:00:00,1149.7
2023-04-24 09:00:00,1150.2
2023-04-24 10:00:00,1150.2
2023-04-24 11:00:00,1149.4
2023-04-24 12:00:00,1149.4
2023-04-24 13:00:00,1149.4
2023-04-24 14:00:00,1149.4
2023-04-24 15:00:00,1149.4
2023-04-24 16:00:00,1149.4
2023-04-24 23:00:00,1150.0
2023-04-25 09:00:00,1144.5
2023-04-25 10:00:00,1144.5
2023-04-25 11:00:00,1147.8
2023-04-25 12:00:00,1147.8
2023-04-25 13:00:00,1147.8
2023-04-25 14:00:00,1147.8
2023-04-25 15:00:00,1147.8
2023-04-25 16:00:00,1147.8
2023-04-25 23:00:00,1147.4
2023-04-26 05:00:00,1138.4
2023-04-26 06:00:00,1138.4
2023-04-26 07:00:00,1138.4
2023-04-26 08:00:00,1131.0
2023-04-26 09:00:00,1131.0
2023-04-26 10:00:00,1131.0
2023-04-26 11:00:00,1134.6000000000001
2023-04-26 12:00:00,1134.6000000000001
2023-04-26 13:00:00,1134.6000000000001
2023-04-26 14:00:00,1134.6000000000001
2023-04-26 15:00:00,1134.6000000000001
2023-04-26 16:00:00,1134.6000000000001
2023-04-26 23:00:00,1134.1000000000001
2023-04-27 04:00:00,1143.4
2023-04-27 05:00:00,1143.4
2023-04-27 06:00:00,1143.4
2023-04-27 07:00:00,1143.4
2023-04-27 08:00:00,1143.4
2023-04-27 09:00:00,1143.4
2023-04-27 10:00:00,1141.0
2023-04-27 11:00:00,1141.4
2023-04-27 12:00:00,1141.4
2023-04-27 13:00:00,1141.4
2023-04-27 14:00:00,1141.4
2023-04-27 15:00:00,1141.4
2023-04-27 16:00:00,1141.4
2023-04-27 23:00:00,1140.9
2023-04-28 04:00:00,1136.5
2023-04-28 05:00:00,1136.5
2023-04-28 06:00:00,1136.5
2023-04-28 07:00:00,1136.5
2023-04-28 08:00:00,1136.5
2023-04-28 09:00:00,1136.5
2023-04-28 10:00:00,1140.9
2023-04-28 11:00:00,1146.2
2023-04-28 12:00:00,1146.2
2023-04-28 13:00:00,1146.2
2023-04-28 14:00:00,1146.2
2023-04-28 15:00:00,1146.2
2023-04-28 16:00:00,1146.2
2023-04-28 23:00:00,1141.3
2023-05-02 03:00:00,1146.0
2023-05-02 04:00:00,1145.1000000000001
2023-05-02 05:00:00,1141.0
2023-05-02 06:00:00,1141.6000000000001
2023-05-02 07:00:00,1141.6000000000001
2023-05-02 08:00:00,1139.6000000000001
2023-05-02 09:00:00,1139.6000000000001
2023-05-02 10:00:00,1138.3
2023-05-02 11:00:00,1141.2
2023-05-02 12:00:00,1141.2
2023-05-02 13:00:00,1141.2
2023-05-02 14:00:00,1141.2
2023-05-02 15:00:00,1141.2
2023-05-02 16:00:00,1141.2
2023-05-02 23:00:00,1136.8
2023-05-03 07:00:00,1148.5
2023-05-03 08:00:00,1148.1000000000001
2023-05-03 09:00:00,1144.5
2023-05-03 10:00:00,1147.0
2023-05-03 11:00:00,1146.0
2023-05-03 12:00:00,1146.0
2023-05-03 13:00:00,1146.0
2023-05-03 14:00:00,1146.0
2023-05-03 15:00:00,1146.0
2023-05-03 16:00:00,1146.0
2023-05-03 23:00:00,1146.2
2023-05-04 03:00:00,1134.9
2023-05-04 04:00:00,1139.7
2023-05-04 07:00:00,1135.3
2023-05-04 11:00:00,1136.0
2023-05-04 23:00:00,1136.6000000000001
2023-05-05 03:00:00,1139.0
2023-05-05 06:00:00,1134.9
2023-05-05 09:00:00,1139.8
2023-05-05 23:00:00,1142.3
2023-05-08 10:00:00,1146.7
2023-05-08 23:00:00,1148.8
2023-05-09 06:00:00,1137.9
2023-05-09 07:00:00,1136.5
2023-05-09 08:00:00,1138.4
2023-05-09 23:00:00,1138.6000000000001
2023-05-10 11:00:00,1124.0
2023-05-10 23:00:00,1124.6000000000001
2023-05-11 06:00:00,1137.6000000000001
2023-05-11 11:00:00,1137.8
2023-05-11 23:00:00,1137.5
2023-05-12 03:00:00,1150.9
2023-05-12 08:00:00,1137.6000000000001
2023-05-12 09:00:00,1135.6000000000001
2023-05-12 10:00:00,1135.1000000000001
2023-05-12 11:00:00,1138.3
2023-05-12 23:00:00,1138.4
2023-05-15 05:00:00,1146.5
2023-05-15 11:00:00,1140.8
2023-05-15 23:00:00,1140.4
2023-05-16 03:00:00,1134.0
2023-05-16 07:00:00,1139.0
2023-05-16 08:00:00,1138.9
2023-05-16 09:00:00,1136.5
2023-05-16 11:00:00,1135.0
2023-05-16 23:00:00,1135.5
2023-05-17 03:00:00,1131.2
2023-05-17 09:00:00,1128.7
2023-05-17 10:00:00,1129.1000000000001
2023-05-17 11:00:00,1129.1000000000001
2023-05-17 23:00:00,1129.1000000000001
2023-05-18 03:00:00,1132.6000000000001
2023-05-18 04:00:00,1135.2
2023-05-18 05:00:00,1132.8
2023-05-18 06:00:00,1134.0
2023-05-18 08:00:00,1132.0
2023-05-18 09:00:00,1129.9
2023-05-18 23:00:00,1129.2
2023-05-19 03:00:00,1133.7
2023-05-19 04:00:00,1134.4
2023-05-19 05:00:00,1133.3
2023-05-19 06:00:00,1132.9
2023-05-19 07:00:00,1132.8
2023-05-19 10:00:00,1133.1000000000001
2023-05-19 11:00:00,1131.7
2023-05-19 23:00:00,1130.7
2023-05-22 03:00:00,1133.8
2023-05-22 05:00:00,1132.1000000000001
2023-05-22 06:00:00,1131.2
2023-05-22 11:00:00,1130.5
2023-05-22 23:00:00,1130.1000000000001
2023-05-23 04:00:00,1110.7
2023-05-23 05:00:00,1112.0
2023-05-23 07:00:00,1111.8
2023-05-23 08:00:00,1110.2
2023-05-23 09:00:00,1105.2
2023-05-23 10:00:00,1103.2
2023-05-23 11:00:00,1103.3
2023-05-23 23:00:00,1102.7
2023-05-24 03:00:00,1081.6000000000001
2023-05-24 04:00:00,1085.2
2023-05-24 05:00:00,1079.1000000000001
2023-05-24 06:00:00,1079.3
2023-05-24 07:00:00,1079.3
2023-05-24 08:00:00,1077.6000000000001
2023-05-24 09:00:00,1077.3
2023-05-24 10:00:00,1077.8
2023-05-24 11:00:00,1082.7
2023-05-24 23:00:00,1078.9
2023-05-25 03:00:00,1075.4
2023-05-25 08:00:00,1080.2
2023-05-25 09:00:00,1080.3
2023-05-25 11:00:00,1083.4
2023-05-25 23:00:00,1082.8
2023-05-26 03:00:00,1084.3
2023-05-26 04:00:00,1083.8
2023-05-26 07:00:00,1088.7
2023-05-26 08:00:00,1089.1000000000001
2023-05-26 09:00:00,1094.2
2023-05-26 10:00:00,1097.2
2023-05-26 11:00:00,1098.1000000000001
2023-05-26 23:00:00,1098.1000000000001
2023-05-29 23:00:00,1092.3
2023-05-30 23:00:00,1082.9
2023-05-31 23:00:00,1062.2
2023-06-01 23:00:00,1063.8
2023-06-02 23:00:00,1085.0
2023-06-05 23:00:00,1074.3
2023-06-06 23:00:00,1074.9
2023-06-07 23:00:00,1071.2
2023-06-08 23:00:00,1067.8
2023-06-09 23:00:00,1068.5
2023-06-12 03:05:00,
2023-06-12 23:00:00,1079.1000000000001
2023-06-13 03:00:00,
2023-06-13 08:00:00,
2023-06-13 10:00:00,
2023-06-13 11:00:00,
2023-06-13 23:00:00,1087.0
2023-06-14 06:00:00,
2023-06-14 09:00:00,
2023-06-14 09:00:01,1087.9
2023-06-14 09:00:02,1087.9
2023-06-14 23:00:00,1091.2
2023-06-15 03:00:00,1088.6
2023-06-15 04:00:00,1091.1
2023-06-15 05:00:00,1087.4
2023-06-15 08:00:00,1084.3
2023-06-15 11:00:00,1087.6
2023-06-15 23:00:00,1087.3
2023-06-16 05:00:00,1098.9
2023-06-16 06:00:00,1098.9
2023-06-16 07:00:00,1102.7
2023-06-16 08:00:00,1107.2
2023-06-16 09:00:00,1106.5
2023-06-16 11:00:00,1105.0
2023-06-16 23:00:00,1108.1
2023-06-19 09:00:00,1096.1
2023-06-19 23:00:00,1091.6
2023-06-20 04:00:00,1090.6
2023-06-20 05:00:00,1088.0
2023-06-20 07:00:00,1089.3
2023-06-20 23:00:00,1087.0
2023-06-21 03:00:00,1084.3
2023-06-21 04:00:00,1082.5
2023-06-21 08:00:00,1082.2
2023-06-21 11:00:00,1081.6
2023-06-21 23:00:00,1081.3
2023-06-22 06:00:00,1071.3
2023-06-22 11:00:00,1079.6
2023-06-22 23:00:00,1079.9
2023-06-23 09:00:00,1073.4
2023-06-23 10:00:00,1080.5
2023-06-23 11:00:00,1079.3
2023-06-23 23:00:00,1077.3
2023-06-26 03:00:00,1077.2
2023-06-26 08:00:00,1078.5
2023-06-26 23:00:00,1078.3
2023-06-27 04:00:00,1081.6
2023-06-27 05:00:00,1080.2
2023-06-27 08:00:00,1076.3
2023-06-27 10:00:00,1077.2
2023-06-27 11:00:00,1081.0
2023-06-27 23:00:00,1080.7
2023-06-28 03:00:00,1086.3
2023-06-28 09:00:00,1084.0
2023-06-28 10:00:00,1084.3
2023-06-28 11:00:00,1085.4
2023-06-28 23:00:00,1085.3
2023-06-29 03:00:00,1084.0
2023-06-29 11:00:00,1092.0
2023-06-29 23:00:00,1089.5
2023-06-30 03:00:00,1091.3
2023-06-30 09:00:00,1101.5
2023-06-30 10:00:00,1103.1
2023-06-30 11:00:00,1103.4
2023-06-30 23:00:00,1103.1
